ISO-10303-21;
HEADER;
/* Generated by software containing ST-Developer
 * from STEP Tools, Inc. (www.steptools.com) 
 */

FILE_DESCRIPTION(
/* description */ (''),
/* implementation_level */ '2;1');

FILE_NAME(
/* name */ 'ErgoWarrior_v1.0.0.step',
/* time_stamp */ '2025-11-30T08:18:26+05:30',
/* author */ (''),
/* organization */ (''),
/* preprocessor_version */ 'ST-DEVELOPER v20.1',
/* originating_system */ 'Autodesk Translation Framework v14.21.0.0',
/* authorisation */ '');

FILE_SCHEMA (('AUTOMOTIVE_DESIGN { 1 0 10303 214 3 1 1 }'));
ENDSEC;

DATA;
#10=MECHANICAL_DESIGN_GEOMETRIC_PRESENTATION_REPRESENTATION('',(#13),#1711);
#11=SHAPE_REPRESENTATION_RELATIONSHIP('SRR','None',#1718,#12);
#12=ADVANCED_BREP_SHAPE_REPRESENTATION('',(#14),#1710);
#13=STYLED_ITEM('',(#1728),#14);
#14=MANIFOLD_SOLID_BREP('Body1',#911);
#15=B_SPLINE_CURVE_WITH_KNOTS('',3,(#1408,#1409,#1410,#1411,#1412,#1413,
#1414),.UNSPECIFIED.,.F.,.F.,(4,3,4),(-0.0810576028655023,-0.0405288014327511,
0.),.UNSPECIFIED.);
#16=B_SPLINE_CURVE_WITH_KNOTS('',3,(#1416,#1417,#1418,#1419),
 .UNSPECIFIED.,.F.,.F.,(4,4),(-0.350000000000001,-5.34514458634017E-17),
 .UNSPECIFIED.);
#17=B_SPLINE_CURVE_WITH_KNOTS('',3,(#1421,#1422,#1423,#1424,#1425,#1426,
#1427),.UNSPECIFIED.,.F.,.F.,(4,3,4),(0.,0.0405288014327512,0.0810576028655023),
 .UNSPECIFIED.);
#18=B_SPLINE_CURVE_WITH_KNOTS('',3,(#1428,#1429,#1430,#1431),
 .UNSPECIFIED.,.F.,.F.,(4,4),(5.34514458634017E-17,0.350000000000001),
 .UNSPECIFIED.);
#19=B_SPLINE_CURVE_WITH_KNOTS('',3,(#1440,#1441,#1442,#1443,#1444,#1445,
#1446),.UNSPECIFIED.,.F.,.F.,(4,3,4),(0.,0.123708882348849,0.213562047443349),
 .UNSPECIFIED.);
#20=B_SPLINE_CURVE_WITH_KNOTS('',3,(#1448,#1449,#1450,#1451,#1452,#1453,
#1454,#1455,#1456,#1457,#1458,#1459,#1460),.UNSPECIFIED.,.F.,.F.,(4,3,3,
3,4),(0.,2.87355751194218,3.27947728208601,3.40758745072976,3.497345826939),
 .UNSPECIFIED.);
#21=B_SPLINE_CURVE_WITH_KNOTS('',3,(#1470,#1471,#1472,#1473),
 .UNSPECIFIED.,.F.,.F.,(4,4),(6.2402296078075,7.66436763487918),
 .UNSPECIFIED.);
#22=B_SPLINE_CURVE_WITH_KNOTS('',3,(#1474,#1475,#1476,#1477,#1478,#1479,
#1480),.UNSPECIFIED.,.F.,.F.,(4,3,4),(4.78199601512237,5.99101466856896,
6.24012914901769),.UNSPECIFIED.);
#23=B_SPLINE_CURVE_WITH_KNOTS('',3,(#1503,#1504,#1505,#1506),
 .UNSPECIFIED.,.F.,.F.,(4,4),(0.0217915011370349,0.0512378672609836),
 .UNSPECIFIED.);
#24=B_SPLINE_CURVE_WITH_KNOTS('',3,(#1521,#1522,#1523,#1524,#1525,#1526,
#1527),.UNSPECIFIED.,.F.,.F.,(4,3,4),(-3.94245660674015,-3.64253183411042,
-2.18691739165518),.UNSPECIFIED.);
#25=B_SPLINE_CURVE_WITH_KNOTS('',3,(#1529,#1530,#1531,#1532),
 .UNSPECIFIED.,.F.,.F.,(4,4),(-1.74117215652786,0.),.UNSPECIFIED.);
#26=B_SPLINE_CURVE_WITH_KNOTS('',3,(#1542,#1543,#1544,#1545,#1546,#1547,
#1548,#1549,#1550,#1551,#1552,#1553,#1554),.UNSPECIFIED.,.F.,.F.,(4,3,3,
3,4),(-5.55269475867309,-5.41018644242795,-5.2067874372505,-4.56231340132361,
0.),.UNSPECIFIED.);
#27=B_SPLINE_CURVE_WITH_KNOTS('',3,(#1556,#1557,#1558,#1559,#1560,#1561,
#1562),.UNSPECIFIED.,.F.,.F.,(4,3,4),(-0.243005067147158,-0.123707819573643,
0.),.UNSPECIFIED.);
#28=B_SPLINE_CURVE_WITH_KNOTS('',3,(#1594,#1595,#1596,#1597),
 .UNSPECIFIED.,.F.,.F.,(4,4),(-0.4,-0.3),.UNSPECIFIED.);
#29=B_SPLINE_CURVE_WITH_KNOTS('',3,(#1600,#1601,#1602,#1603),
 .UNSPECIFIED.,.F.,.F.,(4,4),(0.25,0.35),.UNSPECIFIED.);
#30=B_SPLINE_CURVE_WITH_KNOTS('',3,(#1605,#1606,#1607,#1608,#1609,#1610),
 .UNSPECIFIED.,.F.,.F.,(4,2,4),(0.05,0.2,0.3),.UNSPECIFIED.);
#31=B_SPLINE_SURFACE_WITH_KNOTS('',3,3,((#1386,#1387,#1388,#1389),(#1390,
#1391,#1392,#1393),(#1394,#1395,#1396,#1397),(#1398,#1399,#1400,#1401),
(#1402,#1403,#1404,#1405)),.UNSPECIFIED.,.F.,.F.,.F.,(4,1,4),(4,4),(0.,
0.5,1.),(5.34514458634017E-17,0.350000000000001),.UNSPECIFIED.);
#32=B_SPLINE_SURFACE_WITH_KNOTS('',3,1,((#1615,#1616),(#1617,#1618),(#1619,
#1620),(#1621,#1622)),.UNSPECIFIED.,.F.,.F.,.F.,(4,4),(2,2),(6.2402296078075,
7.66436763487918),(0.,0.4),.UNSPECIFIED.);
#33=B_SPLINE_SURFACE_WITH_KNOTS('',3,1,((#1625,#1626),(#1627,#1628),(#1629,
#1630),(#1631,#1632),(#1633,#1634),(#1635,#1636),(#1637,#1638),(#1639,#1640),
(#1641,#1642),(#1643,#1644),(#1645,#1646),(#1647,#1648),(#1649,#1650),(#1651,
#1652),(#1653,#1654),(#1655,#1656)),.UNSPECIFIED.,.F.,.F.,.F.,(4,3,3,3,
3,4),(2,2),(1.78922862155787,1.91458828949072,3.22219486292477,4.58077863680334,
5.99101466856896,6.24012914901769),(0.,0.4),.UNSPECIFIED.);
#34=B_SPLINE_SURFACE_WITH_KNOTS('',3,1,((#1657,#1658),(#1659,#1660),(#1661,
#1662),(#1663,#1664),(#1665,#1666),(#1667,#1668),(#1669,#1670),(#1671,#1672),
(#1673,#1674)),.UNSPECIFIED.,.F.,.F.,.F.,(4,2,3,4),(2,2),(0.,0.123708882348848,
0.243007243809657,0.264797868323495),(0.,0.4),.UNSPECIFIED.);
#35=B_SPLINE_SURFACE_WITH_KNOTS('',3,1,((#1676,#1677),(#1678,#1679),(#1680,
#1681),(#1682,#1683),(#1684,#1685),(#1686,#1687),(#1688,#1689),(#1690,#1691),
(#1692,#1693),(#1694,#1695),(#1696,#1697),(#1698,#1699)),.UNSPECIFIED.,
 .F.,.F.,.F.,(4,2,2,2,2,4),(2,2),(0.,1.95609502506468,2.87355751194218,
3.27947728208601,3.40758745072976,3.497345826939),(0.,0.4),
 .UNSPECIFIED.);
#36=ELLIPSE('',#946,4.02622164080522,1.5);
#37=ELLIPSE('',#982,1.58570983647458,1.5);
#38=ELLIPSE('',#983,2.66848022536662,1.5);
#39=ELLIPSE('',#984,1.52846956637486,1.5);
#40=ELLIPSE('',#986,1.63107379189301,1.5);
#41=FACE_BOUND('',#266,.T.);
#42=FACE_BOUND('',#273,.T.);
#43=FACE_BOUND('',#275,.T.);
#44=FACE_BOUND('',#278,.T.);
#45=FACE_BOUND('',#281,.T.);
#46=FACE_BOUND('',#290,.T.);
#47=FACE_BOUND('',#291,.T.);
#48=FACE_BOUND('',#292,.T.);
#49=FACE_BOUND('',#293,.T.);
#50=FACE_BOUND('',#294,.T.);
#51=FACE_BOUND('',#295,.T.);
#52=FACE_BOUND('',#296,.T.);
#53=FACE_BOUND('',#303,.T.);
#54=FACE_BOUND('',#304,.T.);
#55=FACE_BOUND('',#305,.T.);
#56=FACE_BOUND('',#306,.T.);
#57=FACE_BOUND('',#307,.T.);
#58=FACE_BOUND('',#308,.T.);
#59=FACE_BOUND('',#314,.T.);
#60=FACE_BOUND('',#316,.T.);
#61=FACE_BOUND('',#318,.T.);
#62=FACE_BOUND('',#320,.T.);
#63=LINE('',#1281,#127);
#64=LINE('',#1288,#128);
#65=LINE('',#1296,#129);
#66=LINE('',#1298,#130);
#67=LINE('',#1300,#131);
#68=LINE('',#1301,#132);
#69=LINE('',#1305,#133);
#70=LINE('',#1306,#134);
#71=LINE('',#1307,#135);
#72=LINE('',#1310,#136);
#73=LINE('',#1312,#137);
#74=LINE('',#1314,#138);
#75=LINE('',#1316,#139);
#76=LINE('',#1318,#140);
#77=LINE('',#1319,#141);
#78=LINE('',#1322,#142);
#79=LINE('',#1324,#143);
#80=LINE('',#1342,#144);
#81=LINE('',#1355,#145);
#82=LINE('',#1365,#146);
#83=LINE('',#1369,#147);
#84=LINE('',#1373,#148);
#85=LINE('',#1377,#149);
#86=LINE('',#1381,#150);
#87=LINE('',#1385,#151);
#88=LINE('',#1434,#152);
#89=LINE('',#1436,#153);
#90=LINE('',#1438,#154);
#91=LINE('',#1462,#155);
#92=LINE('',#1464,#156);
#93=LINE('',#1466,#157);
#94=LINE('',#1468,#158);
#95=LINE('',#1483,#159);
#96=LINE('',#1484,#160);
#97=LINE('',#1490,#161);
#98=LINE('',#1495,#162);
#99=LINE('',#1500,#163);
#100=LINE('',#1502,#164);
#101=LINE('',#1509,#165);
#102=LINE('',#1510,#166);
#103=LINE('',#1511,#167);
#104=LINE('',#1514,#168);
#105=LINE('',#1516,#169);
#106=LINE('',#1518,#170);
#107=LINE('',#1519,#171);
#108=LINE('',#1534,#172);
#109=LINE('',#1536,#173);
#110=LINE('',#1538,#174);
#111=LINE('',#1540,#175);
#112=LINE('',#1563,#176);
#113=LINE('',#1575,#177);
#114=LINE('',#1579,#178);
#115=LINE('',#1583,#179);
#116=LINE('',#1587,#180);
#117=LINE('',#1593,#181);
#118=LINE('',#1599,#182);
#119=LINE('',#1612,#183);
#120=LINE('',#1623,#184);
#121=LINE('',#1624,#185);
#122=LINE('',#1675,#186);
#123=LINE('',#1700,#187);
#124=LINE('',#1702,#188);
#125=LINE('',#1704,#189);
#126=LINE('',#1706,#190);
#127=VECTOR('',#1038,3.00000000000001);
#128=VECTOR('',#1047,1.625);
#129=VECTOR('',#1056,10.);
#130=VECTOR('',#1057,10.);
#131=VECTOR('',#1058,10.);
#132=VECTOR('',#1059,10.);
#133=VECTOR('',#1062,10.);
#134=VECTOR('',#1063,10.);
#135=VECTOR('',#1064,10.);
#136=VECTOR('',#1067,10.);
#137=VECTOR('',#1068,10.);
#138=VECTOR('',#1069,10.);
#139=VECTOR('',#1070,10.);
#140=VECTOR('',#1071,10.);
#141=VECTOR('',#1072,10.);
#142=VECTOR('',#1075,10.);
#143=VECTOR('',#1076,10.);
#144=VECTOR('',#1097,2.125);
#145=VECTOR('',#1112,2.125);
#146=VECTOR('',#1125,3.);
#147=VECTOR('',#1130,3.);
#148=VECTOR('',#1135,3.);
#149=VECTOR('',#1140,3.00000000000001);
#150=VECTOR('',#1145,2.12499999999999);
#151=VECTOR('',#1150,2.12499999999999);
#152=VECTOR('',#1153,10.);
#153=VECTOR('',#1154,10.);
#154=VECTOR('',#1155,10.);
#155=VECTOR('',#1156,10.);
#156=VECTOR('',#1157,10.);
#157=VECTOR('',#1158,10.);
#158=VECTOR('',#1159,10.);
#159=VECTOR('',#1162,10.);
#160=VECTOR('',#1163,10.);
#161=VECTOR('',#1168,10.);
#162=VECTOR('',#1175,10.);
#163=VECTOR('',#1180,10.);
#164=VECTOR('',#1181,10.);
#165=VECTOR('',#1184,10.);
#166=VECTOR('',#1185,10.);
#167=VECTOR('',#1186,10.);
#168=VECTOR('',#1189,10.);
#169=VECTOR('',#1190,10.);
#170=VECTOR('',#1191,10.);
#171=VECTOR('',#1192,10.);
#172=VECTOR('',#1193,10.);
#173=VECTOR('',#1194,10.);
#174=VECTOR('',#1195,10.);
#175=VECTOR('',#1196,10.);
#176=VECTOR('',#1197,10.);
#177=VECTOR('',#1210,1.625);
#178=VECTOR('',#1215,1.62500000000001);
#179=VECTOR('',#1220,1.625);
#180=VECTOR('',#1225,1.625);
#181=VECTOR('',#1236,10.);
#182=VECTOR('',#1239,10.);
#183=VECTOR('',#1244,10.);
#184=VECTOR('',#1249,10.);
#185=VECTOR('',#1250,10.);
#186=VECTOR('',#1251,10.);
#187=VECTOR('',#1252,10.);
#188=VECTOR('',#1255,10.);
#189=VECTOR('',#1258,10.);
#190=VECTOR('',#1261,10.);
#191=CYLINDRICAL_SURFACE('',#933,3.00000000000001);
#192=CYLINDRICAL_SURFACE('',#938,1.625);
#193=CYLINDRICAL_SURFACE('',#953,2.125);
#194=CYLINDRICAL_SURFACE('',#960,2.125);
#195=CYLINDRICAL_SURFACE('',#967,3.);
#196=CYLINDRICAL_SURFACE('',#969,3.);
#197=CYLINDRICAL_SURFACE('',#971,3.);
#198=CYLINDRICAL_SURFACE('',#973,3.00000000000001);
#199=CYLINDRICAL_SURFACE('',#975,2.12499999999999);
#200=CYLINDRICAL_SURFACE('',#977,2.12499999999999);
#201=CYLINDRICAL_SURFACE('',#981,1.5);
#202=CYLINDRICAL_SURFACE('',#985,1.5);
#203=CYLINDRICAL_SURFACE('',#994,1.625);
#204=CYLINDRICAL_SURFACE('',#996,1.62500000000001);
#205=CYLINDRICAL_SURFACE('',#998,1.625);
#206=CYLINDRICAL_SURFACE('',#1000,1.625);
#207=FACE_OUTER_BOUND('',#260,.T.);
#208=FACE_OUTER_BOUND('',#261,.T.);
#209=FACE_OUTER_BOUND('',#262,.T.);
#210=FACE_OUTER_BOUND('',#263,.T.);
#211=FACE_OUTER_BOUND('',#264,.T.);
#212=FACE_OUTER_BOUND('',#265,.T.);
#213=FACE_OUTER_BOUND('',#267,.T.);
#214=FACE_OUTER_BOUND('',#268,.T.);
#215=FACE_OUTER_BOUND('',#269,.T.);
#216=FACE_OUTER_BOUND('',#270,.T.);
#217=FACE_OUTER_BOUND('',#271,.T.);
#218=FACE_OUTER_BOUND('',#272,.T.);
#219=FACE_OUTER_BOUND('',#274,.T.);
#220=FACE_OUTER_BOUND('',#276,.T.);
#221=FACE_OUTER_BOUND('',#277,.T.);
#222=FACE_OUTER_BOUND('',#279,.T.);
#223=FACE_OUTER_BOUND('',#280,.T.);
#224=FACE_OUTER_BOUND('',#282,.T.);
#225=FACE_OUTER_BOUND('',#283,.T.);
#226=FACE_OUTER_BOUND('',#284,.T.);
#227=FACE_OUTER_BOUND('',#285,.T.);
#228=FACE_OUTER_BOUND('',#286,.T.);
#229=FACE_OUTER_BOUND('',#287,.T.);
#230=FACE_OUTER_BOUND('',#288,.T.);
#231=FACE_OUTER_BOUND('',#289,.T.);
#232=FACE_OUTER_BOUND('',#297,.T.);
#233=FACE_OUTER_BOUND('',#298,.T.);
#234=FACE_OUTER_BOUND('',#299,.T.);
#235=FACE_OUTER_BOUND('',#300,.T.);
#236=FACE_OUTER_BOUND('',#301,.T.);
#237=FACE_OUTER_BOUND('',#302,.T.);
#238=FACE_OUTER_BOUND('',#309,.T.);
#239=FACE_OUTER_BOUND('',#310,.T.);
#240=FACE_OUTER_BOUND('',#311,.T.);
#241=FACE_OUTER_BOUND('',#312,.T.);
#242=FACE_OUTER_BOUND('',#313,.T.);
#243=FACE_OUTER_BOUND('',#315,.T.);
#244=FACE_OUTER_BOUND('',#317,.T.);
#245=FACE_OUTER_BOUND('',#319,.T.);
#246=FACE_OUTER_BOUND('',#321,.T.);
#247=FACE_OUTER_BOUND('',#322,.T.);
#248=FACE_OUTER_BOUND('',#323,.T.);
#249=FACE_OUTER_BOUND('',#324,.T.);
#250=FACE_OUTER_BOUND('',#325,.T.);
#251=FACE_OUTER_BOUND('',#326,.T.);
#252=FACE_OUTER_BOUND('',#327,.T.);
#253=FACE_OUTER_BOUND('',#328,.T.);
#254=FACE_OUTER_BOUND('',#329,.T.);
#255=FACE_OUTER_BOUND('',#330,.T.);
#256=FACE_OUTER_BOUND('',#331,.T.);
#257=FACE_OUTER_BOUND('',#332,.T.);
#258=FACE_OUTER_BOUND('',#333,.T.);
#259=FACE_OUTER_BOUND('',#334,.T.);
#260=EDGE_LOOP('',(#580));
#261=EDGE_LOOP('',(#581));
#262=EDGE_LOOP('',(#582));
#263=EDGE_LOOP('',(#583));
#264=EDGE_LOOP('',(#584,#585,#586,#587));
#265=EDGE_LOOP('',(#588));
#266=EDGE_LOOP('',(#589));
#267=EDGE_LOOP('',(#590,#591,#592,#593,#594,#595));
#268=EDGE_LOOP('',(#596,#597,#598,#599,#600,#601));
#269=EDGE_LOOP('',(#602,#603,#604,#605));
#270=EDGE_LOOP('',(#606,#607,#608,#609,#610,#611,#612));
#271=EDGE_LOOP('',(#613,#614,#615,#616));
#272=EDGE_LOOP('',(#617));
#273=EDGE_LOOP('',(#618));
#274=EDGE_LOOP('',(#619));
#275=EDGE_LOOP('',(#620));
#276=EDGE_LOOP('',(#621,#622,#623,#624,#625,#626));
#277=EDGE_LOOP('',(#627));
#278=EDGE_LOOP('',(#628,#629));
#279=EDGE_LOOP('',(#630,#631,#632,#633,#634,#635));
#280=EDGE_LOOP('',(#636));
#281=EDGE_LOOP('',(#637,#638));
#282=EDGE_LOOP('',(#639,#640,#641,#642));
#283=EDGE_LOOP('',(#643,#644,#645,#646));
#284=EDGE_LOOP('',(#647,#648,#649,#650));
#285=EDGE_LOOP('',(#651,#652,#653,#654));
#286=EDGE_LOOP('',(#655,#656,#657,#658));
#287=EDGE_LOOP('',(#659,#660,#661,#662));
#288=EDGE_LOOP('',(#663,#664,#665,#666));
#289=EDGE_LOOP('',(#667,#668,#669,#670,#671,#672,#673,#674,#675,#676,#677,
#678));
#290=EDGE_LOOP('',(#679));
#291=EDGE_LOOP('',(#680));
#292=EDGE_LOOP('',(#681));
#293=EDGE_LOOP('',(#682));
#294=EDGE_LOOP('',(#683));
#295=EDGE_LOOP('',(#684));
#296=EDGE_LOOP('',(#685));
#297=EDGE_LOOP('',(#686,#687,#688,#689));
#298=EDGE_LOOP('',(#690,#691,#692,#693,#694));
#299=EDGE_LOOP('',(#695,#696,#697,#698));
#300=EDGE_LOOP('',(#699,#700,#701));
#301=EDGE_LOOP('',(#702,#703,#704,#705,#706,#707));
#302=EDGE_LOOP('',(#708,#709,#710,#711,#712,#713,#714,#715,#716,#717,#718,
#719,#720,#721,#722,#723,#724,#725,#726,#727,#728));
#303=EDGE_LOOP('',(#729));
#304=EDGE_LOOP('',(#730));
#305=EDGE_LOOP('',(#731));
#306=EDGE_LOOP('',(#732));
#307=EDGE_LOOP('',(#733));
#308=EDGE_LOOP('',(#734));
#309=EDGE_LOOP('',(#735,#736,#737,#738));
#310=EDGE_LOOP('',(#739,#740,#741,#742));
#311=EDGE_LOOP('',(#743,#744,#745,#746));
#312=EDGE_LOOP('',(#747,#748,#749,#750));
#313=EDGE_LOOP('',(#751,#752));
#314=EDGE_LOOP('',(#753));
#315=EDGE_LOOP('',(#754));
#316=EDGE_LOOP('',(#755));
#317=EDGE_LOOP('',(#756,#757));
#318=EDGE_LOOP('',(#758));
#319=EDGE_LOOP('',(#759));
#320=EDGE_LOOP('',(#760));
#321=EDGE_LOOP('',(#761,#762,#763,#764,#765,#766,#767,#768));
#322=EDGE_LOOP('',(#769,#770,#771,#772,#773));
#323=EDGE_LOOP('',(#774,#775,#776,#777));
#324=EDGE_LOOP('',(#778,#779,#780,#781,#782,#783));
#325=EDGE_LOOP('',(#784,#785,#786,#787));
#326=EDGE_LOOP('',(#788,#789,#790,#791));
#327=EDGE_LOOP('',(#792,#793,#794,#795));
#328=EDGE_LOOP('',(#796,#797,#798,#799));
#329=EDGE_LOOP('',(#800,#801,#802,#803,#804,#805));
#330=EDGE_LOOP('',(#806,#807,#808,#809));
#331=EDGE_LOOP('',(#810,#811,#812,#813));
#332=EDGE_LOOP('',(#814,#815,#816,#817));
#333=EDGE_LOOP('',(#818,#819,#820,#821));
#334=EDGE_LOOP('',(#822,#823,#824,#825));
#335=CIRCLE('',#926,3.);
#336=CIRCLE('',#928,3.);
#337=CIRCLE('',#930,3.);
#338=CIRCLE('',#932,3.);
#339=CIRCLE('',#934,3.00000000000001);
#340=CIRCLE('',#935,3.00000000000001);
#341=CIRCLE('',#937,1.625);
#342=CIRCLE('',#939,1.625);
#343=CIRCLE('',#940,1.625);
#344=CIRCLE('',#941,1.625);
#345=CIRCLE('',#948,3.);
#346=CIRCLE('',#949,2.12499999999999);
#347=CIRCLE('',#951,3.00000000000001);
#348=CIRCLE('',#952,2.12499999999999);
#349=CIRCLE('',#954,2.125);
#350=CIRCLE('',#955,2.125);
#351=CIRCLE('',#956,2.125);
#352=CIRCLE('',#957,2.125);
#353=CIRCLE('',#959,3.);
#354=CIRCLE('',#961,2.125);
#355=CIRCLE('',#962,2.125);
#356=CIRCLE('',#963,2.125);
#357=CIRCLE('',#964,2.125);
#358=CIRCLE('',#966,3.);
#359=CIRCLE('',#968,3.);
#360=CIRCLE('',#970,3.);
#361=CIRCLE('',#972,3.);
#362=CIRCLE('',#974,3.00000000000001);
#363=CIRCLE('',#976,2.125);
#364=CIRCLE('',#978,2.12499999999999);
#365=CIRCLE('',#990,1.625);
#366=CIRCLE('',#991,1.625);
#367=CIRCLE('',#992,1.62500000000001);
#368=CIRCLE('',#993,1.625);
#369=CIRCLE('',#995,1.625);
#370=CIRCLE('',#997,1.62500000000001);
#371=CIRCLE('',#999,1.625);
#372=CIRCLE('',#1001,1.625);
#373=VERTEX_POINT('',#1266);
#374=VERTEX_POINT('',#1269);
#375=VERTEX_POINT('',#1272);
#376=VERTEX_POINT('',#1275);
#377=VERTEX_POINT('',#1278);
#378=VERTEX_POINT('',#1280);
#379=VERTEX_POINT('',#1284);
#380=VERTEX_POINT('',#1287);
#381=VERTEX_POINT('',#1289);
#382=VERTEX_POINT('',#1291);
#383=VERTEX_POINT('',#1295);
#384=VERTEX_POINT('',#1297);
#385=VERTEX_POINT('',#1299);
#386=VERTEX_POINT('',#1303);
#387=VERTEX_POINT('',#1304);
#388=VERTEX_POINT('',#1309);
#389=VERTEX_POINT('',#1311);
#390=VERTEX_POINT('',#1313);
#391=VERTEX_POINT('',#1315);
#392=VERTEX_POINT('',#1317);
#393=VERTEX_POINT('',#1321);
#394=VERTEX_POINT('',#1323);
#395=VERTEX_POINT('',#1327);
#396=VERTEX_POINT('',#1329);
#397=VERTEX_POINT('',#1332);
#398=VERTEX_POINT('',#1334);
#399=VERTEX_POINT('',#1337);
#400=VERTEX_POINT('',#1338);
#401=VERTEX_POINT('',#1341);
#402=VERTEX_POINT('',#1343);
#403=VERTEX_POINT('',#1347);
#404=VERTEX_POINT('',#1350);
#405=VERTEX_POINT('',#1351);
#406=VERTEX_POINT('',#1354);
#407=VERTEX_POINT('',#1356);
#408=VERTEX_POINT('',#1360);
#409=VERTEX_POINT('',#1363);
#410=VERTEX_POINT('',#1367);
#411=VERTEX_POINT('',#1371);
#412=VERTEX_POINT('',#1375);
#413=VERTEX_POINT('',#1379);
#414=VERTEX_POINT('',#1383);
#415=VERTEX_POINT('',#1406);
#416=VERTEX_POINT('',#1407);
#417=VERTEX_POINT('',#1415);
#418=VERTEX_POINT('',#1420);
#419=VERTEX_POINT('',#1433);
#420=VERTEX_POINT('',#1435);
#421=VERTEX_POINT('',#1437);
#422=VERTEX_POINT('',#1439);
#423=VERTEX_POINT('',#1447);
#424=VERTEX_POINT('',#1461);
#425=VERTEX_POINT('',#1463);
#426=VERTEX_POINT('',#1465);
#427=VERTEX_POINT('',#1467);
#428=VERTEX_POINT('',#1469);
#429=VERTEX_POINT('',#1482);
#430=VERTEX_POINT('',#1486);
#431=VERTEX_POINT('',#1487);
#432=VERTEX_POINT('',#1489);
#433=VERTEX_POINT('',#1494);
#434=VERTEX_POINT('',#1498);
#435=VERTEX_POINT('',#1499);
#436=VERTEX_POINT('',#1501);
#437=VERTEX_POINT('',#1508);
#438=VERTEX_POINT('',#1513);
#439=VERTEX_POINT('',#1515);
#440=VERTEX_POINT('',#1517);
#441=VERTEX_POINT('',#1520);
#442=VERTEX_POINT('',#1528);
#443=VERTEX_POINT('',#1533);
#444=VERTEX_POINT('',#1535);
#445=VERTEX_POINT('',#1537);
#446=VERTEX_POINT('',#1539);
#447=VERTEX_POINT('',#1541);
#448=VERTEX_POINT('',#1555);
#449=VERTEX_POINT('',#1564);
#450=VERTEX_POINT('',#1566);
#451=VERTEX_POINT('',#1568);
#452=VERTEX_POINT('',#1570);
#453=VERTEX_POINT('',#1573);
#454=VERTEX_POINT('',#1577);
#455=VERTEX_POINT('',#1581);
#456=VERTEX_POINT('',#1585);
#457=EDGE_CURVE('',#373,#373,#335,.T.);
#458=EDGE_CURVE('',#374,#374,#336,.T.);
#459=EDGE_CURVE('',#375,#375,#337,.T.);
#460=EDGE_CURVE('',#376,#376,#338,.T.);
#461=EDGE_CURVE('',#377,#377,#339,.T.);
#462=EDGE_CURVE('',#377,#378,#63,.T.);
#463=EDGE_CURVE('',#378,#378,#340,.T.);
#464=EDGE_CURVE('',#379,#379,#341,.T.);
#465=EDGE_CURVE('',#379,#380,#64,.T.);
#466=EDGE_CURVE('',#381,#380,#342,.T.);
#467=EDGE_CURVE('',#382,#381,#343,.T.);
#468=EDGE_CURVE('',#380,#382,#344,.T.);
#469=EDGE_CURVE('',#382,#383,#65,.F.);
#470=EDGE_CURVE('',#383,#384,#66,.T.);
#471=EDGE_CURVE('',#384,#385,#67,.F.);
#472=EDGE_CURVE('',#385,#381,#68,.F.);
#473=EDGE_CURVE('',#386,#387,#69,.T.);
#474=EDGE_CURVE('',#384,#386,#70,.T.);
#475=EDGE_CURVE('',#387,#383,#71,.T.);
#476=EDGE_CURVE('',#388,#387,#72,.T.);
#477=EDGE_CURVE('',#389,#388,#73,.T.);
#478=EDGE_CURVE('',#390,#389,#74,.T.);
#479=EDGE_CURVE('',#391,#390,#75,.T.);
#480=EDGE_CURVE('',#392,#391,#76,.T.);
#481=EDGE_CURVE('',#392,#386,#77,.T.);
#482=EDGE_CURVE('',#383,#393,#78,.F.);
#483=EDGE_CURVE('',#394,#393,#79,.T.);
#484=EDGE_CURVE('',#394,#387,#36,.T.);
#485=EDGE_CURVE('',#395,#395,#345,.T.);
#486=EDGE_CURVE('',#396,#396,#346,.T.);
#487=EDGE_CURVE('',#397,#397,#347,.T.);
#488=EDGE_CURVE('',#398,#398,#348,.T.);
#489=EDGE_CURVE('',#399,#400,#349,.T.);
#490=EDGE_CURVE('',#400,#399,#350,.T.);
#491=EDGE_CURVE('',#400,#401,#80,.T.);
#492=EDGE_CURVE('',#401,#402,#351,.T.);
#493=EDGE_CURVE('',#402,#401,#352,.T.);
#494=EDGE_CURVE('',#403,#403,#353,.T.);
#495=EDGE_CURVE('',#404,#405,#354,.T.);
#496=EDGE_CURVE('',#405,#404,#355,.T.);
#497=EDGE_CURVE('',#405,#406,#81,.T.);
#498=EDGE_CURVE('',#406,#407,#356,.T.);
#499=EDGE_CURVE('',#407,#406,#357,.T.);
#500=EDGE_CURVE('',#408,#408,#358,.T.);
#501=EDGE_CURVE('',#409,#409,#359,.T.);
#502=EDGE_CURVE('',#409,#403,#82,.T.);
#503=EDGE_CURVE('',#410,#410,#360,.T.);
#504=EDGE_CURVE('',#410,#408,#83,.T.);
#505=EDGE_CURVE('',#411,#411,#361,.T.);
#506=EDGE_CURVE('',#411,#395,#84,.T.);
#507=EDGE_CURVE('',#412,#412,#362,.T.);
#508=EDGE_CURVE('',#412,#397,#85,.T.);
#509=EDGE_CURVE('',#413,#413,#363,.F.);
#510=EDGE_CURVE('',#413,#396,#86,.T.);
#511=EDGE_CURVE('',#414,#414,#364,.F.);
#512=EDGE_CURVE('',#414,#398,#87,.T.);
#513=EDGE_CURVE('',#415,#416,#15,.T.);
#514=EDGE_CURVE('',#416,#417,#16,.T.);
#515=EDGE_CURVE('',#417,#418,#17,.T.);
#516=EDGE_CURVE('',#418,#415,#18,.T.);
#517=EDGE_CURVE('',#419,#417,#88,.T.);
#518=EDGE_CURVE('',#420,#419,#89,.T.);
#519=EDGE_CURVE('',#420,#421,#90,.T.);
#520=EDGE_CURVE('',#422,#421,#19,.T.);
#521=EDGE_CURVE('',#423,#422,#20,.T.);
#522=EDGE_CURVE('',#424,#423,#91,.T.);
#523=EDGE_CURVE('',#425,#424,#92,.T.);
#524=EDGE_CURVE('',#426,#425,#93,.T.);
#525=EDGE_CURVE('',#427,#426,#94,.T.);
#526=EDGE_CURVE('',#428,#427,#21,.T.);
#527=EDGE_CURVE('',#418,#428,#22,.T.);
#528=EDGE_CURVE('',#416,#429,#95,.F.);
#529=EDGE_CURVE('',#429,#419,#96,.F.);
#530=EDGE_CURVE('',#430,#431,#37,.F.);
#531=EDGE_CURVE('',#430,#432,#97,.T.);
#532=EDGE_CURVE('',#432,#390,#38,.T.);
#533=EDGE_CURVE('',#389,#431,#39,.T.);
#534=EDGE_CURVE('',#394,#433,#98,.T.);
#535=EDGE_CURVE('',#433,#388,#40,.T.);
#536=EDGE_CURVE('',#434,#435,#99,.F.);
#537=EDGE_CURVE('',#435,#436,#100,.F.);
#538=EDGE_CURVE('',#436,#434,#23,.T.);
#539=EDGE_CURVE('',#429,#437,#101,.F.);
#540=EDGE_CURVE('',#437,#430,#102,.F.);
#541=EDGE_CURVE('',#431,#420,#103,.T.);
#542=EDGE_CURVE('',#438,#384,#104,.F.);
#543=EDGE_CURVE('',#438,#439,#105,.F.);
#544=EDGE_CURVE('',#440,#439,#106,.T.);
#545=EDGE_CURVE('',#437,#440,#107,.F.);
#546=EDGE_CURVE('',#441,#415,#24,.T.);
#547=EDGE_CURVE('',#442,#441,#25,.T.);
#548=EDGE_CURVE('',#442,#443,#108,.F.);
#549=EDGE_CURVE('',#443,#444,#109,.F.);
#550=EDGE_CURVE('',#444,#445,#110,.F.);
#551=EDGE_CURVE('',#446,#445,#111,.T.);
#552=EDGE_CURVE('',#447,#446,#26,.T.);
#553=EDGE_CURVE('',#448,#447,#27,.T.);
#554=EDGE_CURVE('',#393,#448,#112,.F.);
#555=EDGE_CURVE('',#449,#449,#365,.F.);
#556=EDGE_CURVE('',#450,#450,#366,.F.);
#557=EDGE_CURVE('',#451,#451,#367,.F.);
#558=EDGE_CURVE('',#452,#452,#368,.F.);
#559=EDGE_CURVE('',#453,#453,#369,.T.);
#560=EDGE_CURVE('',#453,#452,#113,.T.);
#561=EDGE_CURVE('',#454,#454,#370,.T.);
#562=EDGE_CURVE('',#454,#451,#114,.T.);
#563=EDGE_CURVE('',#455,#455,#371,.T.);
#564=EDGE_CURVE('',#455,#450,#115,.T.);
#565=EDGE_CURVE('',#456,#456,#372,.T.);
#566=EDGE_CURVE('',#456,#449,#116,.T.);
#567=EDGE_CURVE('',#435,#433,#117,.T.);
#568=EDGE_CURVE('',#434,#421,#28,.F.);
#569=EDGE_CURVE('',#439,#391,#118,.T.);
#570=EDGE_CURVE('',#440,#432,#29,.F.);
#571=EDGE_CURVE('',#438,#392,#30,.T.);
#572=EDGE_CURVE('',#448,#436,#119,.T.);
#573=EDGE_CURVE('',#441,#428,#120,.T.);
#574=EDGE_CURVE('',#442,#427,#121,.T.);
#575=EDGE_CURVE('',#447,#422,#122,.T.);
#576=EDGE_CURVE('',#446,#423,#123,.T.);
#577=EDGE_CURVE('',#445,#424,#124,.T.);
#578=EDGE_CURVE('',#444,#425,#125,.T.);
#579=EDGE_CURVE('',#443,#426,#126,.T.);
#580=ORIENTED_EDGE('',*,*,#457,.F.);
#581=ORIENTED_EDGE('',*,*,#458,.T.);
#582=ORIENTED_EDGE('',*,*,#459,.F.);
#583=ORIENTED_EDGE('',*,*,#460,.T.);
#584=ORIENTED_EDGE('',*,*,#461,.F.);
#585=ORIENTED_EDGE('',*,*,#462,.T.);
#586=ORIENTED_EDGE('',*,*,#463,.T.);
#587=ORIENTED_EDGE('',*,*,#462,.F.);
#588=ORIENTED_EDGE('',*,*,#463,.F.);
#589=ORIENTED_EDGE('',*,*,#464,.F.);
#590=ORIENTED_EDGE('',*,*,#464,.T.);
#591=ORIENTED_EDGE('',*,*,#465,.T.);
#592=ORIENTED_EDGE('',*,*,#466,.F.);
#593=ORIENTED_EDGE('',*,*,#467,.F.);
#594=ORIENTED_EDGE('',*,*,#468,.F.);
#595=ORIENTED_EDGE('',*,*,#465,.F.);
#596=ORIENTED_EDGE('',*,*,#466,.T.);
#597=ORIENTED_EDGE('',*,*,#468,.T.);
#598=ORIENTED_EDGE('',*,*,#469,.T.);
#599=ORIENTED_EDGE('',*,*,#470,.T.);
#600=ORIENTED_EDGE('',*,*,#471,.T.);
#601=ORIENTED_EDGE('',*,*,#472,.T.);
#602=ORIENTED_EDGE('',*,*,#473,.F.);
#603=ORIENTED_EDGE('',*,*,#474,.F.);
#604=ORIENTED_EDGE('',*,*,#470,.F.);
#605=ORIENTED_EDGE('',*,*,#475,.F.);
#606=ORIENTED_EDGE('',*,*,#473,.T.);
#607=ORIENTED_EDGE('',*,*,#476,.F.);
#608=ORIENTED_EDGE('',*,*,#477,.F.);
#609=ORIENTED_EDGE('',*,*,#478,.F.);
#610=ORIENTED_EDGE('',*,*,#479,.F.);
#611=ORIENTED_EDGE('',*,*,#480,.F.);
#612=ORIENTED_EDGE('',*,*,#481,.T.);
#613=ORIENTED_EDGE('',*,*,#475,.T.);
#614=ORIENTED_EDGE('',*,*,#482,.T.);
#615=ORIENTED_EDGE('',*,*,#483,.F.);
#616=ORIENTED_EDGE('',*,*,#484,.T.);
#617=ORIENTED_EDGE('',*,*,#485,.F.);
#618=ORIENTED_EDGE('',*,*,#486,.F.);
#619=ORIENTED_EDGE('',*,*,#487,.F.);
#620=ORIENTED_EDGE('',*,*,#488,.F.);
#621=ORIENTED_EDGE('',*,*,#489,.F.);
#622=ORIENTED_EDGE('',*,*,#490,.F.);
#623=ORIENTED_EDGE('',*,*,#491,.T.);
#624=ORIENTED_EDGE('',*,*,#492,.T.);
#625=ORIENTED_EDGE('',*,*,#493,.T.);
#626=ORIENTED_EDGE('',*,*,#491,.F.);
#627=ORIENTED_EDGE('',*,*,#494,.F.);
#628=ORIENTED_EDGE('',*,*,#493,.F.);
#629=ORIENTED_EDGE('',*,*,#492,.F.);
#630=ORIENTED_EDGE('',*,*,#495,.F.);
#631=ORIENTED_EDGE('',*,*,#496,.F.);
#632=ORIENTED_EDGE('',*,*,#497,.T.);
#633=ORIENTED_EDGE('',*,*,#498,.T.);
#634=ORIENTED_EDGE('',*,*,#499,.T.);
#635=ORIENTED_EDGE('',*,*,#497,.F.);
#636=ORIENTED_EDGE('',*,*,#500,.F.);
#637=ORIENTED_EDGE('',*,*,#499,.F.);
#638=ORIENTED_EDGE('',*,*,#498,.F.);
#639=ORIENTED_EDGE('',*,*,#501,.F.);
#640=ORIENTED_EDGE('',*,*,#502,.T.);
#641=ORIENTED_EDGE('',*,*,#494,.T.);
#642=ORIENTED_EDGE('',*,*,#502,.F.);
#643=ORIENTED_EDGE('',*,*,#503,.F.);
#644=ORIENTED_EDGE('',*,*,#504,.T.);
#645=ORIENTED_EDGE('',*,*,#500,.T.);
#646=ORIENTED_EDGE('',*,*,#504,.F.);
#647=ORIENTED_EDGE('',*,*,#505,.F.);
#648=ORIENTED_EDGE('',*,*,#506,.T.);
#649=ORIENTED_EDGE('',*,*,#485,.T.);
#650=ORIENTED_EDGE('',*,*,#506,.F.);
#651=ORIENTED_EDGE('',*,*,#507,.F.);
#652=ORIENTED_EDGE('',*,*,#508,.T.);
#653=ORIENTED_EDGE('',*,*,#487,.T.);
#654=ORIENTED_EDGE('',*,*,#508,.F.);
#655=ORIENTED_EDGE('',*,*,#509,.F.);
#656=ORIENTED_EDGE('',*,*,#510,.T.);
#657=ORIENTED_EDGE('',*,*,#486,.T.);
#658=ORIENTED_EDGE('',*,*,#510,.F.);
#659=ORIENTED_EDGE('',*,*,#511,.F.);
#660=ORIENTED_EDGE('',*,*,#512,.T.);
#661=ORIENTED_EDGE('',*,*,#488,.T.);
#662=ORIENTED_EDGE('',*,*,#512,.F.);
#663=ORIENTED_EDGE('',*,*,#513,.T.);
#664=ORIENTED_EDGE('',*,*,#514,.T.);
#665=ORIENTED_EDGE('',*,*,#515,.T.);
#666=ORIENTED_EDGE('',*,*,#516,.T.);
#667=ORIENTED_EDGE('',*,*,#515,.F.);
#668=ORIENTED_EDGE('',*,*,#517,.F.);
#669=ORIENTED_EDGE('',*,*,#518,.F.);
#670=ORIENTED_EDGE('',*,*,#519,.T.);
#671=ORIENTED_EDGE('',*,*,#520,.F.);
#672=ORIENTED_EDGE('',*,*,#521,.F.);
#673=ORIENTED_EDGE('',*,*,#522,.F.);
#674=ORIENTED_EDGE('',*,*,#523,.F.);
#675=ORIENTED_EDGE('',*,*,#524,.F.);
#676=ORIENTED_EDGE('',*,*,#525,.F.);
#677=ORIENTED_EDGE('',*,*,#526,.F.);
#678=ORIENTED_EDGE('',*,*,#527,.F.);
#679=ORIENTED_EDGE('',*,*,#461,.T.);
#680=ORIENTED_EDGE('',*,*,#457,.T.);
#681=ORIENTED_EDGE('',*,*,#459,.T.);
#682=ORIENTED_EDGE('',*,*,#501,.T.);
#683=ORIENTED_EDGE('',*,*,#503,.T.);
#684=ORIENTED_EDGE('',*,*,#505,.T.);
#685=ORIENTED_EDGE('',*,*,#507,.T.);
#686=ORIENTED_EDGE('',*,*,#514,.F.);
#687=ORIENTED_EDGE('',*,*,#528,.T.);
#688=ORIENTED_EDGE('',*,*,#529,.T.);
#689=ORIENTED_EDGE('',*,*,#517,.T.);
#690=ORIENTED_EDGE('',*,*,#530,.F.);
#691=ORIENTED_EDGE('',*,*,#531,.T.);
#692=ORIENTED_EDGE('',*,*,#532,.T.);
#693=ORIENTED_EDGE('',*,*,#478,.T.);
#694=ORIENTED_EDGE('',*,*,#533,.T.);
#695=ORIENTED_EDGE('',*,*,#484,.F.);
#696=ORIENTED_EDGE('',*,*,#534,.T.);
#697=ORIENTED_EDGE('',*,*,#535,.T.);
#698=ORIENTED_EDGE('',*,*,#476,.T.);
#699=ORIENTED_EDGE('',*,*,#536,.T.);
#700=ORIENTED_EDGE('',*,*,#537,.T.);
#701=ORIENTED_EDGE('',*,*,#538,.T.);
#702=ORIENTED_EDGE('',*,*,#518,.T.);
#703=ORIENTED_EDGE('',*,*,#529,.F.);
#704=ORIENTED_EDGE('',*,*,#539,.T.);
#705=ORIENTED_EDGE('',*,*,#540,.T.);
#706=ORIENTED_EDGE('',*,*,#530,.T.);
#707=ORIENTED_EDGE('',*,*,#541,.T.);
#708=ORIENTED_EDGE('',*,*,#467,.T.);
#709=ORIENTED_EDGE('',*,*,#472,.F.);
#710=ORIENTED_EDGE('',*,*,#471,.F.);
#711=ORIENTED_EDGE('',*,*,#542,.F.);
#712=ORIENTED_EDGE('',*,*,#543,.T.);
#713=ORIENTED_EDGE('',*,*,#544,.F.);
#714=ORIENTED_EDGE('',*,*,#545,.F.);
#715=ORIENTED_EDGE('',*,*,#539,.F.);
#716=ORIENTED_EDGE('',*,*,#528,.F.);
#717=ORIENTED_EDGE('',*,*,#513,.F.);
#718=ORIENTED_EDGE('',*,*,#546,.F.);
#719=ORIENTED_EDGE('',*,*,#547,.F.);
#720=ORIENTED_EDGE('',*,*,#548,.T.);
#721=ORIENTED_EDGE('',*,*,#549,.T.);
#722=ORIENTED_EDGE('',*,*,#550,.T.);
#723=ORIENTED_EDGE('',*,*,#551,.F.);
#724=ORIENTED_EDGE('',*,*,#552,.F.);
#725=ORIENTED_EDGE('',*,*,#553,.F.);
#726=ORIENTED_EDGE('',*,*,#554,.F.);
#727=ORIENTED_EDGE('',*,*,#482,.F.);
#728=ORIENTED_EDGE('',*,*,#469,.F.);
#729=ORIENTED_EDGE('',*,*,#458,.F.);
#730=ORIENTED_EDGE('',*,*,#460,.F.);
#731=ORIENTED_EDGE('',*,*,#555,.F.);
#732=ORIENTED_EDGE('',*,*,#556,.F.);
#733=ORIENTED_EDGE('',*,*,#557,.F.);
#734=ORIENTED_EDGE('',*,*,#558,.F.);
#735=ORIENTED_EDGE('',*,*,#559,.T.);
#736=ORIENTED_EDGE('',*,*,#560,.T.);
#737=ORIENTED_EDGE('',*,*,#558,.T.);
#738=ORIENTED_EDGE('',*,*,#560,.F.);
#739=ORIENTED_EDGE('',*,*,#561,.T.);
#740=ORIENTED_EDGE('',*,*,#562,.T.);
#741=ORIENTED_EDGE('',*,*,#557,.T.);
#742=ORIENTED_EDGE('',*,*,#562,.F.);
#743=ORIENTED_EDGE('',*,*,#563,.T.);
#744=ORIENTED_EDGE('',*,*,#564,.T.);
#745=ORIENTED_EDGE('',*,*,#556,.T.);
#746=ORIENTED_EDGE('',*,*,#564,.F.);
#747=ORIENTED_EDGE('',*,*,#565,.T.);
#748=ORIENTED_EDGE('',*,*,#566,.T.);
#749=ORIENTED_EDGE('',*,*,#555,.T.);
#750=ORIENTED_EDGE('',*,*,#566,.F.);
#751=ORIENTED_EDGE('',*,*,#489,.T.);
#752=ORIENTED_EDGE('',*,*,#490,.T.);
#753=ORIENTED_EDGE('',*,*,#565,.F.);
#754=ORIENTED_EDGE('',*,*,#511,.T.);
#755=ORIENTED_EDGE('',*,*,#561,.F.);
#756=ORIENTED_EDGE('',*,*,#495,.T.);
#757=ORIENTED_EDGE('',*,*,#496,.T.);
#758=ORIENTED_EDGE('',*,*,#559,.F.);
#759=ORIENTED_EDGE('',*,*,#509,.T.);
#760=ORIENTED_EDGE('',*,*,#563,.F.);
#761=ORIENTED_EDGE('',*,*,#519,.F.);
#762=ORIENTED_EDGE('',*,*,#541,.F.);
#763=ORIENTED_EDGE('',*,*,#533,.F.);
#764=ORIENTED_EDGE('',*,*,#477,.T.);
#765=ORIENTED_EDGE('',*,*,#535,.F.);
#766=ORIENTED_EDGE('',*,*,#567,.F.);
#767=ORIENTED_EDGE('',*,*,#536,.F.);
#768=ORIENTED_EDGE('',*,*,#568,.T.);
#769=ORIENTED_EDGE('',*,*,#544,.T.);
#770=ORIENTED_EDGE('',*,*,#569,.T.);
#771=ORIENTED_EDGE('',*,*,#479,.T.);
#772=ORIENTED_EDGE('',*,*,#532,.F.);
#773=ORIENTED_EDGE('',*,*,#570,.F.);
#774=ORIENTED_EDGE('',*,*,#543,.F.);
#775=ORIENTED_EDGE('',*,*,#571,.T.);
#776=ORIENTED_EDGE('',*,*,#480,.T.);
#777=ORIENTED_EDGE('',*,*,#569,.F.);
#778=ORIENTED_EDGE('',*,*,#534,.F.);
#779=ORIENTED_EDGE('',*,*,#483,.T.);
#780=ORIENTED_EDGE('',*,*,#554,.T.);
#781=ORIENTED_EDGE('',*,*,#572,.T.);
#782=ORIENTED_EDGE('',*,*,#537,.F.);
#783=ORIENTED_EDGE('',*,*,#567,.T.);
#784=ORIENTED_EDGE('',*,*,#531,.F.);
#785=ORIENTED_EDGE('',*,*,#540,.F.);
#786=ORIENTED_EDGE('',*,*,#545,.T.);
#787=ORIENTED_EDGE('',*,*,#570,.T.);
#788=ORIENTED_EDGE('',*,*,#474,.T.);
#789=ORIENTED_EDGE('',*,*,#481,.F.);
#790=ORIENTED_EDGE('',*,*,#571,.F.);
#791=ORIENTED_EDGE('',*,*,#542,.T.);
#792=ORIENTED_EDGE('',*,*,#547,.T.);
#793=ORIENTED_EDGE('',*,*,#573,.T.);
#794=ORIENTED_EDGE('',*,*,#526,.T.);
#795=ORIENTED_EDGE('',*,*,#574,.F.);
#796=ORIENTED_EDGE('',*,*,#516,.F.);
#797=ORIENTED_EDGE('',*,*,#527,.T.);
#798=ORIENTED_EDGE('',*,*,#573,.F.);
#799=ORIENTED_EDGE('',*,*,#546,.T.);
#800=ORIENTED_EDGE('',*,*,#553,.T.);
#801=ORIENTED_EDGE('',*,*,#575,.T.);
#802=ORIENTED_EDGE('',*,*,#520,.T.);
#803=ORIENTED_EDGE('',*,*,#568,.F.);
#804=ORIENTED_EDGE('',*,*,#538,.F.);
#805=ORIENTED_EDGE('',*,*,#572,.F.);
#806=ORIENTED_EDGE('',*,*,#552,.T.);
#807=ORIENTED_EDGE('',*,*,#576,.T.);
#808=ORIENTED_EDGE('',*,*,#521,.T.);
#809=ORIENTED_EDGE('',*,*,#575,.F.);
#810=ORIENTED_EDGE('',*,*,#551,.T.);
#811=ORIENTED_EDGE('',*,*,#577,.T.);
#812=ORIENTED_EDGE('',*,*,#522,.T.);
#813=ORIENTED_EDGE('',*,*,#576,.F.);
#814=ORIENTED_EDGE('',*,*,#550,.F.);
#815=ORIENTED_EDGE('',*,*,#578,.T.);
#816=ORIENTED_EDGE('',*,*,#523,.T.);
#817=ORIENTED_EDGE('',*,*,#577,.F.);
#818=ORIENTED_EDGE('',*,*,#549,.F.);
#819=ORIENTED_EDGE('',*,*,#579,.T.);
#820=ORIENTED_EDGE('',*,*,#524,.T.);
#821=ORIENTED_EDGE('',*,*,#578,.F.);
#822=ORIENTED_EDGE('',*,*,#548,.F.);
#823=ORIENTED_EDGE('',*,*,#574,.T.);
#824=ORIENTED_EDGE('',*,*,#525,.T.);
#825=ORIENTED_EDGE('',*,*,#579,.F.);
#826=PLANE('',#925);
#827=PLANE('',#927);
#828=PLANE('',#929);
#829=PLANE('',#931);
#830=PLANE('',#936);
#831=PLANE('',#942);
#832=PLANE('',#943);
#833=PLANE('',#944);
#834=PLANE('',#945);
#835=PLANE('',#947);
#836=PLANE('',#950);
#837=PLANE('',#958);
#838=PLANE('',#965);
#839=PLANE('',#979);
#840=PLANE('',#980);
#841=PLANE('',#987);
#842=PLANE('',#988);
#843=PLANE('',#989);
#844=PLANE('',#1002);
#845=PLANE('',#1003);
#846=PLANE('',#1004);
#847=PLANE('',#1005);
#848=PLANE('',#1006);
#849=PLANE('',#1007);
#850=PLANE('',#1008);
#851=PLANE('',#1009);
#852=PLANE('',#1010);
#853=PLANE('',#1011);
#854=PLANE('',#1012);
#855=PLANE('',#1013);
#856=PLANE('',#1014);
#857=PLANE('',#1015);
#858=ADVANCED_FACE('',(#207),#826,.T.);
#859=ADVANCED_FACE('',(#208),#827,.F.);
#860=ADVANCED_FACE('',(#209),#828,.T.);
#861=ADVANCED_FACE('',(#210),#829,.F.);
#862=ADVANCED_FACE('',(#211),#191,.F.);
#863=ADVANCED_FACE('',(#212,#41),#830,.T.);
#864=ADVANCED_FACE('',(#213),#192,.F.);
#865=ADVANCED_FACE('',(#214),#831,.T.);
#866=ADVANCED_FACE('',(#215),#832,.T.);
#867=ADVANCED_FACE('',(#216),#833,.T.);
#868=ADVANCED_FACE('',(#217),#834,.T.);
#869=ADVANCED_FACE('',(#218,#42),#835,.T.);
#870=ADVANCED_FACE('',(#219,#43),#836,.T.);
#871=ADVANCED_FACE('',(#220),#193,.T.);
#872=ADVANCED_FACE('',(#221,#44),#837,.T.);
#873=ADVANCED_FACE('',(#222),#194,.T.);
#874=ADVANCED_FACE('',(#223,#45),#838,.T.);
#875=ADVANCED_FACE('',(#224),#195,.F.);
#876=ADVANCED_FACE('',(#225),#196,.F.);
#877=ADVANCED_FACE('',(#226),#197,.F.);
#878=ADVANCED_FACE('',(#227),#198,.F.);
#879=ADVANCED_FACE('',(#228),#199,.T.);
#880=ADVANCED_FACE('',(#229),#200,.T.);
#881=ADVANCED_FACE('',(#230),#31,.F.);
#882=ADVANCED_FACE('',(#231,#46,#47,#48,#49,#50,#51,#52),#839,.F.);
#883=ADVANCED_FACE('',(#232),#840,.T.);
#884=ADVANCED_FACE('',(#233),#201,.F.);
#885=ADVANCED_FACE('',(#234),#202,.F.);
#886=ADVANCED_FACE('',(#235),#841,.F.);
#887=ADVANCED_FACE('',(#236),#842,.T.);
#888=ADVANCED_FACE('',(#237,#53,#54,#55,#56,#57,#58),#843,.T.);
#889=ADVANCED_FACE('',(#238),#203,.F.);
#890=ADVANCED_FACE('',(#239),#204,.F.);
#891=ADVANCED_FACE('',(#240),#205,.F.);
#892=ADVANCED_FACE('',(#241),#206,.F.);
#893=ADVANCED_FACE('',(#242,#59),#844,.F.);
#894=ADVANCED_FACE('',(#243,#60),#845,.F.);
#895=ADVANCED_FACE('',(#244,#61),#846,.F.);
#896=ADVANCED_FACE('',(#245,#62),#847,.F.);
#897=ADVANCED_FACE('',(#246),#848,.F.);
#898=ADVANCED_FACE('',(#247),#849,.F.);
#899=ADVANCED_FACE('',(#248),#850,.F.);
#900=ADVANCED_FACE('',(#249),#851,.T.);
#901=ADVANCED_FACE('',(#250),#852,.T.);
#902=ADVANCED_FACE('',(#251),#853,.T.);
#903=ADVANCED_FACE('',(#252),#32,.F.);
#904=ADVANCED_FACE('',(#253),#33,.F.);
#905=ADVANCED_FACE('',(#254),#34,.F.);
#906=ADVANCED_FACE('',(#255),#35,.F.);
#907=ADVANCED_FACE('',(#256),#854,.F.);
#908=ADVANCED_FACE('',(#257),#855,.F.);
#909=ADVANCED_FACE('',(#258),#856,.F.);
#910=ADVANCED_FACE('',(#259),#857,.F.);
#911=CLOSED_SHELL('',(#858,#859,#860,#861,#862,#863,#864,#865,#866,#867,
#868,#869,#870,#871,#872,#873,#874,#875,#876,#877,#878,#879,#880,#881,#882,
#883,#884,#885,#886,#887,#888,#889,#890,#891,#892,#893,#894,#895,#896,#897,
#898,#899,#900,#901,#902,#903,#904,#905,#906,#907,#908,#909,#910));
#912=DERIVED_UNIT_ELEMENT(#914,1.);
#913=DERIVED_UNIT_ELEMENT(#1713,-3.);
#914=(
MASS_UNIT()
NAMED_UNIT(*)
SI_UNIT(.KILO.,.GRAM.)
);
#915=DERIVED_UNIT((#912,#913));
#916=MEASURE_REPRESENTATION_ITEM('density measure',
POSITIVE_RATIO_MEASURE(7850.),#915);
#917=PROPERTY_DEFINITION_REPRESENTATION(#922,#919);
#918=PROPERTY_DEFINITION_REPRESENTATION(#923,#920);
#919=REPRESENTATION('material name',(#921),#1710);
#920=REPRESENTATION('density',(#916),#1710);
#921=DESCRIPTIVE_REPRESENTATION_ITEM('Steel','Steel');
#922=PROPERTY_DEFINITION('material property','material name',#1720);
#923=PROPERTY_DEFINITION('material property','density of part',#1720);
#924=AXIS2_PLACEMENT_3D('',#1264,#1016,#1017);
#925=AXIS2_PLACEMENT_3D('',#1265,#1018,#1019);
#926=AXIS2_PLACEMENT_3D('',#1267,#1020,#1021);
#927=AXIS2_PLACEMENT_3D('',#1268,#1022,#1023);
#928=AXIS2_PLACEMENT_3D('',#1270,#1024,#1025);
#929=AXIS2_PLACEMENT_3D('',#1271,#1026,#1027);
#930=AXIS2_PLACEMENT_3D('',#1273,#1028,#1029);
#931=AXIS2_PLACEMENT_3D('',#1274,#1030,#1031);
#932=AXIS2_PLACEMENT_3D('',#1276,#1032,#1033);
#933=AXIS2_PLACEMENT_3D('',#1277,#1034,#1035);
#934=AXIS2_PLACEMENT_3D('',#1279,#1036,#1037);
#935=AXIS2_PLACEMENT_3D('',#1282,#1039,#1040);
#936=AXIS2_PLACEMENT_3D('',#1283,#1041,#1042);
#937=AXIS2_PLACEMENT_3D('',#1285,#1043,#1044);
#938=AXIS2_PLACEMENT_3D('',#1286,#1045,#1046);
#939=AXIS2_PLACEMENT_3D('',#1290,#1048,#1049);
#940=AXIS2_PLACEMENT_3D('',#1292,#1050,#1051);
#941=AXIS2_PLACEMENT_3D('',#1293,#1052,#1053);
#942=AXIS2_PLACEMENT_3D('',#1294,#1054,#1055);
#943=AXIS2_PLACEMENT_3D('',#1302,#1060,#1061);
#944=AXIS2_PLACEMENT_3D('',#1308,#1065,#1066);
#945=AXIS2_PLACEMENT_3D('',#1320,#1073,#1074);
#946=AXIS2_PLACEMENT_3D('',#1325,#1077,#1078);
#947=AXIS2_PLACEMENT_3D('',#1326,#1079,#1080);
#948=AXIS2_PLACEMENT_3D('',#1328,#1081,#1082);
#949=AXIS2_PLACEMENT_3D('',#1330,#1083,#1084);
#950=AXIS2_PLACEMENT_3D('',#1331,#1085,#1086);
#951=AXIS2_PLACEMENT_3D('',#1333,#1087,#1088);
#952=AXIS2_PLACEMENT_3D('',#1335,#1089,#1090);
#953=AXIS2_PLACEMENT_3D('',#1336,#1091,#1092);
#954=AXIS2_PLACEMENT_3D('',#1339,#1093,#1094);
#955=AXIS2_PLACEMENT_3D('',#1340,#1095,#1096);
#956=AXIS2_PLACEMENT_3D('',#1344,#1098,#1099);
#957=AXIS2_PLACEMENT_3D('',#1345,#1100,#1101);
#958=AXIS2_PLACEMENT_3D('',#1346,#1102,#1103);
#959=AXIS2_PLACEMENT_3D('',#1348,#1104,#1105);
#960=AXIS2_PLACEMENT_3D('',#1349,#1106,#1107);
#961=AXIS2_PLACEMENT_3D('',#1352,#1108,#1109);
#962=AXIS2_PLACEMENT_3D('',#1353,#1110,#1111);
#963=AXIS2_PLACEMENT_3D('',#1357,#1113,#1114);
#964=AXIS2_PLACEMENT_3D('',#1358,#1115,#1116);
#965=AXIS2_PLACEMENT_3D('',#1359,#1117,#1118);
#966=AXIS2_PLACEMENT_3D('',#1361,#1119,#1120);
#967=AXIS2_PLACEMENT_3D('',#1362,#1121,#1122);
#968=AXIS2_PLACEMENT_3D('',#1364,#1123,#1124);
#969=AXIS2_PLACEMENT_3D('',#1366,#1126,#1127);
#970=AXIS2_PLACEMENT_3D('',#1368,#1128,#1129);
#971=AXIS2_PLACEMENT_3D('',#1370,#1131,#1132);
#972=AXIS2_PLACEMENT_3D('',#1372,#1133,#1134);
#973=AXIS2_PLACEMENT_3D('',#1374,#1136,#1137);
#974=AXIS2_PLACEMENT_3D('',#1376,#1138,#1139);
#975=AXIS2_PLACEMENT_3D('',#1378,#1141,#1142);
#976=AXIS2_PLACEMENT_3D('',#1380,#1143,#1144);
#977=AXIS2_PLACEMENT_3D('',#1382,#1146,#1147);
#978=AXIS2_PLACEMENT_3D('',#1384,#1148,#1149);
#979=AXIS2_PLACEMENT_3D('',#1432,#1151,#1152);
#980=AXIS2_PLACEMENT_3D('',#1481,#1160,#1161);
#981=AXIS2_PLACEMENT_3D('',#1485,#1164,#1165);
#982=AXIS2_PLACEMENT_3D('',#1488,#1166,#1167);
#983=AXIS2_PLACEMENT_3D('',#1491,#1169,#1170);
#984=AXIS2_PLACEMENT_3D('',#1492,#1171,#1172);
#985=AXIS2_PLACEMENT_3D('',#1493,#1173,#1174);
#986=AXIS2_PLACEMENT_3D('',#1496,#1176,#1177);
#987=AXIS2_PLACEMENT_3D('',#1497,#1178,#1179);
#988=AXIS2_PLACEMENT_3D('',#1507,#1182,#1183);
#989=AXIS2_PLACEMENT_3D('',#1512,#1187,#1188);
#990=AXIS2_PLACEMENT_3D('',#1565,#1198,#1199);
#991=AXIS2_PLACEMENT_3D('',#1567,#1200,#1201);
#992=AXIS2_PLACEMENT_3D('',#1569,#1202,#1203);
#993=AXIS2_PLACEMENT_3D('',#1571,#1204,#1205);
#994=AXIS2_PLACEMENT_3D('',#1572,#1206,#1207);
#995=AXIS2_PLACEMENT_3D('',#1574,#1208,#1209);
#996=AXIS2_PLACEMENT_3D('',#1576,#1211,#1212);
#997=AXIS2_PLACEMENT_3D('',#1578,#1213,#1214);
#998=AXIS2_PLACEMENT_3D('',#1580,#1216,#1217);
#999=AXIS2_PLACEMENT_3D('',#1582,#1218,#1219);
#1000=AXIS2_PLACEMENT_3D('',#1584,#1221,#1222);
#1001=AXIS2_PLACEMENT_3D('',#1586,#1223,#1224);
#1002=AXIS2_PLACEMENT_3D('',#1588,#1226,#1227);
#1003=AXIS2_PLACEMENT_3D('',#1589,#1228,#1229);
#1004=AXIS2_PLACEMENT_3D('',#1590,#1230,#1231);
#1005=AXIS2_PLACEMENT_3D('',#1591,#1232,#1233);
#1006=AXIS2_PLACEMENT_3D('',#1592,#1234,#1235);
#1007=AXIS2_PLACEMENT_3D('',#1598,#1237,#1238);
#1008=AXIS2_PLACEMENT_3D('',#1604,#1240,#1241);
#1009=AXIS2_PLACEMENT_3D('',#1611,#1242,#1243);
#1010=AXIS2_PLACEMENT_3D('',#1613,#1245,#1246);
#1011=AXIS2_PLACEMENT_3D('',#1614,#1247,#1248);
#1012=AXIS2_PLACEMENT_3D('',#1701,#1253,#1254);
#1013=AXIS2_PLACEMENT_3D('',#1703,#1256,#1257);
#1014=AXIS2_PLACEMENT_3D('',#1705,#1259,#1260);
#1015=AXIS2_PLACEMENT_3D('',#1707,#1262,#1263);
#1016=DIRECTION('axis',(0.,0.,1.));
#1017=DIRECTION('refdir',(1.,0.,0.));
#1018=DIRECTION('center_axis',(-1.07552857716377E-16,-1.,2.20581519047274E-24));
#1019=DIRECTION('ref_axis',(1.,-1.07552857716377E-16,2.77555756156289E-17));
#1020=DIRECTION('center_axis',(-6.41880503086752E-8,0.999999999999996,6.4188050364183E-8));
#1021=DIRECTION('ref_axis',(0.999999999999998,6.41880503086753E-8,2.77555756156289E-17));
#1022=DIRECTION('center_axis',(-1.07552857716377E-16,-1.,2.20581519047274E-24));
#1023=DIRECTION('ref_axis',(1.,-1.07552857716377E-16,2.77555756156289E-17));
#1024=DIRECTION('center_axis',(1.07552857716377E-16,1.,-2.20581519047274E-24));
#1025=DIRECTION('ref_axis',(1.,-1.07552857716377E-16,2.77555756156289E-17));
#1026=DIRECTION('center_axis',(-1.07552857716377E-16,-1.,2.20581518816162E-24));
#1027=DIRECTION('ref_axis',(1.,-1.07552857716377E-16,2.77555756156289E-17));
#1028=DIRECTION('center_axis',(-6.41880503086752E-8,0.999999999999996,6.4188050364183E-8));
#1029=DIRECTION('ref_axis',(0.999999999999998,6.41880503086753E-8,2.77555756156289E-17));
#1030=DIRECTION('center_axis',(-1.07552857716377E-16,-1.,2.20581518816162E-24));
#1031=DIRECTION('ref_axis',(1.,-1.07552857716377E-16,2.77555756156289E-17));
#1032=DIRECTION('center_axis',(1.07552857716377E-16,1.,-2.20581519047274E-24));
#1033=DIRECTION('ref_axis',(1.,-1.07552857716377E-16,2.77555756156289E-17));
#1034=DIRECTION('center_axis',(0.,1.,0.));
#1035=DIRECTION('ref_axis',(1.,0.,2.77555756156289E-17));
#1036=DIRECTION('center_axis',(-6.41880503086752E-8,0.999999999999996,6.4188050364183E-8));
#1037=DIRECTION('ref_axis',(0.999999999999998,6.41880503086753E-8,2.77555756156289E-17));
#1038=DIRECTION('',(0.,1.,0.));
#1039=DIRECTION('center_axis',(1.07552855510562E-16,1.,-8.75781621099987E-26));
#1040=DIRECTION('ref_axis',(1.,-1.07552855510562E-16,2.77555756156289E-17));
#1041=DIRECTION('center_axis',(-1.07552855510562E-16,-1.,8.75781621099987E-26));
#1042=DIRECTION('ref_axis',(1.,-1.07552855510562E-16,2.77555756156289E-17));
#1043=DIRECTION('center_axis',(-1.07552855510562E-16,-1.,8.75781621099987E-26));
#1044=DIRECTION('ref_axis',(1.,0.,2.77555756156289E-17));
#1045=DIRECTION('center_axis',(0.,1.,0.));
#1046=DIRECTION('ref_axis',(1.,0.,2.77555756156289E-17));
#1047=DIRECTION('',(0.,1.,0.));
#1048=DIRECTION('center_axis',(0.,-1.,0.));
#1049=DIRECTION('ref_axis',(1.,0.,2.77555756156289E-17));
#1050=DIRECTION('center_axis',(6.41880503086752E-8,-0.999999999999996,-6.4188050364183E-8));
#1051=DIRECTION('ref_axis',(0.999999999999998,6.41880503086753E-8,2.77555756156289E-17));
#1052=DIRECTION('center_axis',(0.,-1.,0.));
#1053=DIRECTION('ref_axis',(1.,0.,2.77555756156289E-17));
#1054=DIRECTION('center_axis',(0.,1.,0.));
#1055=DIRECTION('ref_axis',(0.,0.,1.));
#1056=DIRECTION('',(-0.999999999999998,-6.41880503086719E-8,-5.35490310205964E-14));
#1057=DIRECTION('',(-0.69945261413671,8.34932558957714E-17,-0.714678977287931));
#1058=DIRECTION('',(4.96256568404014E-14,6.41880503641864E-8,-0.999999999999998));
#1059=DIRECTION('',(-0.999999999999998,-6.41880503086719E-8,-5.35490310205964E-14));
#1060=DIRECTION('center_axis',(0.714678977287931,0.,-0.69945261413671));
#1061=DIRECTION('ref_axis',(-0.69945261413671,8.34932558957714E-17,-0.714678977287931));
#1062=DIRECTION('',(0.69945261413671,-9.77350563966354E-10,0.714678977287931));
#1063=DIRECTION('',(6.41880503086682E-8,-0.999999999999996,6.55853580664995E-8));
#1064=DIRECTION('',(6.28205124419878E-8,0.999999999999996,6.41880503086782E-8));
#1065=DIRECTION('center_axis',(-6.41880503086752E-8,0.999999999999996,6.41880503086719E-8));
#1066=DIRECTION('ref_axis',(-0.999999999999998,-6.41880503086718E-8,-5.36360527007108E-14));
#1067=DIRECTION('',(-0.928009017675675,-8.3480843909699E-8,0.372557731247951));
#1068=DIRECTION('',(0.707106777453632,-4.79214772817637E-16,0.707106784919463));
#1069=DIRECTION('',(0.558095276712405,8.90848074894133E-8,-0.829776874895472));
#1070=DIRECTION('',(0.928009017675675,8.34808439096712E-8,-0.372557731247951));
#1071=DIRECTION('',(0.745841054787575,5.11688527922369E-9,0.666123953174901));
#1072=DIRECTION('',(-4.96256568439645E-14,-6.41880503086752E-8,0.999999999999998));
#1073=DIRECTION('center_axis',(4.94289252181676E-14,6.41880503086752E-8,
-0.999999999999998));
#1074=DIRECTION('ref_axis',(0.999999999999998,6.41880503086718E-8,5.35490310205964E-14));
#1075=DIRECTION('',(-0.999999999999998,-6.41880503086719E-8,-5.35490310205964E-14));
#1076=DIRECTION('',(-6.41880503086752E-8,0.999999999999996,6.41880503086719E-8));
#1077=DIRECTION('center_axis',(4.94289252181676E-14,6.41880503086752E-8,
-0.999999999999998));
#1078=DIRECTION('ref_axis',(0.999999999999998,6.41880503283146E-8,5.35473054980664E-14));
#1079=DIRECTION('center_axis',(-1.07552855510562E-16,-1.,8.75781621099987E-26));
#1080=DIRECTION('ref_axis',(1.,-1.07552855510562E-16,2.77555756156289E-17));
#1081=DIRECTION('center_axis',(1.07552855510562E-16,1.,-8.75781621099987E-26));
#1082=DIRECTION('ref_axis',(1.,-1.07552855510562E-16,2.77555756156289E-17));
#1083=DIRECTION('center_axis',(-1.07552855510562E-16,-1.,8.75781621099987E-26));
#1084=DIRECTION('ref_axis',(1.,0.,2.77555756156289E-17));
#1085=DIRECTION('center_axis',(-1.07552855510562E-16,-1.,8.75781621099987E-26));
#1086=DIRECTION('ref_axis',(1.,-1.07552855510562E-16,2.77555756156289E-17));
#1087=DIRECTION('center_axis',(1.07552855510562E-16,1.,-8.75781621099987E-26));
#1088=DIRECTION('ref_axis',(1.,-1.07552855510562E-16,2.77555756156289E-17));
#1089=DIRECTION('center_axis',(-1.07552855510562E-16,-1.,8.75781621099987E-26));
#1090=DIRECTION('ref_axis',(1.,0.,2.77555756156289E-17));
#1091=DIRECTION('center_axis',(0.,1.,0.));
#1092=DIRECTION('ref_axis',(-4.95159468947189E-14,0.,1.));
#1093=DIRECTION('center_axis',(6.41880502826866E-8,-0.999999999999996,-6.4188050364183E-8));
#1094=DIRECTION('ref_axis',(-4.95159468947188E-14,-6.41880503641863E-8,
0.999999999999998));
#1095=DIRECTION('center_axis',(6.41880502826866E-8,-0.999999999999996,-6.4188050364183E-8));
#1096=DIRECTION('ref_axis',(-4.95159468947188E-14,-6.41880503641863E-8,
0.999999999999998));
#1097=DIRECTION('',(0.,1.,0.));
#1098=DIRECTION('center_axis',(6.41880502826866E-8,-0.999999999999996,-6.4188050364183E-8));
#1099=DIRECTION('ref_axis',(-4.95159468947188E-14,-6.41880503641863E-8,
0.999999999999998));
#1100=DIRECTION('center_axis',(6.41880502826866E-8,-0.999999999999996,-6.4188050364183E-8));
#1101=DIRECTION('ref_axis',(-4.95159468947188E-14,-6.41880503641863E-8,
0.999999999999998));
#1102=DIRECTION('center_axis',(-1.07552855510562E-16,-1.,8.75781621099987E-26));
#1103=DIRECTION('ref_axis',(1.,-1.07552855510562E-16,2.77555756156289E-17));
#1104=DIRECTION('center_axis',(1.07552855510562E-16,1.,-8.75781621099987E-26));
#1105=DIRECTION('ref_axis',(1.,-1.07552855510562E-16,2.77555756156289E-17));
#1106=DIRECTION('center_axis',(0.,1.,0.));
#1107=DIRECTION('ref_axis',(-4.95159468947189E-14,0.,1.));
#1108=DIRECTION('center_axis',(6.41880502826866E-8,-0.999999999999996,-6.4188050364183E-8));
#1109=DIRECTION('ref_axis',(-4.95159468947188E-14,-6.41880503641863E-8,
0.999999999999998));
#1110=DIRECTION('center_axis',(6.41880502826866E-8,-0.999999999999996,-6.4188050364183E-8));
#1111=DIRECTION('ref_axis',(-4.95159468947188E-14,-6.41880503641863E-8,
0.999999999999998));
#1112=DIRECTION('',(0.,1.,0.));
#1113=DIRECTION('center_axis',(6.41880502826866E-8,-0.999999999999996,-6.4188050364183E-8));
#1114=DIRECTION('ref_axis',(-4.95159468947188E-14,-6.41880503641863E-8,
0.999999999999998));
#1115=DIRECTION('center_axis',(6.41880502826866E-8,-0.999999999999996,-6.4188050364183E-8));
#1116=DIRECTION('ref_axis',(-4.95159468947188E-14,-6.41880503641863E-8,
0.999999999999998));
#1117=DIRECTION('center_axis',(-1.07552855510562E-16,-1.,8.75781621099987E-26));
#1118=DIRECTION('ref_axis',(1.,-1.07552855510562E-16,2.77555756156289E-17));
#1119=DIRECTION('center_axis',(1.07552855510562E-16,1.,-8.75781621099987E-26));
#1120=DIRECTION('ref_axis',(1.,-1.07552855510562E-16,2.77555756156289E-17));
#1121=DIRECTION('center_axis',(0.,1.,0.));
#1122=DIRECTION('ref_axis',(1.,0.,2.77555756156289E-17));
#1123=DIRECTION('center_axis',(-6.41880503086752E-8,0.999999999999996,6.4188050364183E-8));
#1124=DIRECTION('ref_axis',(0.999999999999998,6.41880503086753E-8,2.77555756156289E-17));
#1125=DIRECTION('',(0.,1.,0.));
#1126=DIRECTION('center_axis',(0.,1.,0.));
#1127=DIRECTION('ref_axis',(1.,0.,2.77555756156289E-17));
#1128=DIRECTION('center_axis',(-6.41880503086752E-8,0.999999999999996,6.4188050364183E-8));
#1129=DIRECTION('ref_axis',(0.999999999999998,6.41880503086753E-8,2.77555756156289E-17));
#1130=DIRECTION('',(0.,1.,0.));
#1131=DIRECTION('center_axis',(0.,1.,0.));
#1132=DIRECTION('ref_axis',(1.,0.,2.77555756156289E-17));
#1133=DIRECTION('center_axis',(-6.41880503086752E-8,0.999999999999996,6.4188050364183E-8));
#1134=DIRECTION('ref_axis',(0.999999999999998,6.41880503086753E-8,2.77555756156289E-17));
#1135=DIRECTION('',(0.,1.,0.));
#1136=DIRECTION('center_axis',(0.,1.,0.));
#1137=DIRECTION('ref_axis',(1.,0.,2.77555756156289E-17));
#1138=DIRECTION('center_axis',(-6.41880503086752E-8,0.999999999999996,6.4188050364183E-8));
#1139=DIRECTION('ref_axis',(0.999999999999998,6.41880503086753E-8,2.77555756156289E-17));
#1140=DIRECTION('',(0.,1.,0.));
#1141=DIRECTION('center_axis',(0.,1.,0.));
#1142=DIRECTION('ref_axis',(1.,0.,2.77555756156289E-17));
#1143=DIRECTION('center_axis',(-6.41880502826866E-8,0.999999999999996,6.4188050364183E-8));
#1144=DIRECTION('ref_axis',(0.999999999999998,6.41880502826867E-8,2.77555756156289E-17));
#1145=DIRECTION('',(0.,1.,0.));
#1146=DIRECTION('center_axis',(0.,1.,0.));
#1147=DIRECTION('ref_axis',(1.,0.,2.77555756156289E-17));
#1148=DIRECTION('center_axis',(-6.41880502826866E-8,0.999999999999996,6.4188050364183E-8));
#1149=DIRECTION('ref_axis',(0.999999999999998,6.41880502826867E-8,2.77555756156289E-17));
#1150=DIRECTION('',(0.,1.,0.));
#1151=DIRECTION('center_axis',(-6.41880503086752E-8,0.999999999999996,6.4188050364183E-8));
#1152=DIRECTION('ref_axis',(-4.95437024703345E-14,-6.41880503641863E-8,
0.999999999999998));
#1153=DIRECTION('',(0.258819045102568,7.8613985473794E-8,-0.965925826289052));
#1154=DIRECTION('',(-0.965925826289053,-4.53878056300369E-8,-0.258819045102572));
#1155=DIRECTION('',(0.707106777453632,-5.18467086921679E-16,0.707106784919463));
#1156=DIRECTION('',(0.422618261740748,8.53011721257384E-8,-0.906307787036623));
#1157=DIRECTION('',(0.999999999999998,6.41880502840032E-8,3.84371987363886E-10));
#1158=DIRECTION('',(0.999999999999998,6.41880503086718E-8,5.35490310205964E-14));
#1159=DIRECTION('',(-4.96256568404014E-14,-6.41880503641864E-8,0.999999999999998));
#1160=DIRECTION('center_axis',(0.965925826289054,4.53878056444043E-8,0.258819045102572));
#1161=DIRECTION('ref_axis',(-0.258819045102568,-7.86139855274137E-8,0.965925826289052));
#1162=DIRECTION('',(0.258819045102568,7.8613985473794E-8,-0.965925826289052));
#1163=DIRECTION('',(-6.41880503086752E-8,0.999999999999996,6.41880503086719E-8));
#1164=DIRECTION('center_axis',(-0.558095276712405,-8.90848074894133E-8,
0.829776874895472));
#1165=DIRECTION('ref_axis',(-0.586740809722565,-0.707106793517579,-0.394633000099328));
#1166=DIRECTION('center_axis',(0.258819045102568,7.86139854201744E-8,-0.965925826289052));
#1167=DIRECTION('ref_axis',(-0.965925826289054,-4.53878053632066E-8,-0.258819045102572));
#1168=DIRECTION('',(-0.558095276712405,-8.90848074894133E-8,0.829776874895472));
#1169=DIRECTION('center_axis',(0.372557731247955,-3.5653335117238E-8,0.928009017675677));
#1170=DIRECTION('ref_axis',(-0.928009017675676,-8.34808438358554E-8,0.372557731247951));
#1171=DIRECTION('center_axis',(0.70710678491946,9.07756112888126E-8,-0.707106777453629));
#1172=DIRECTION('ref_axis',(-0.707106777453632,2.17908759660486E-15,-0.707106784919463));
#1173=DIRECTION('center_axis',(0.928009017675676,8.3480843909699E-8,-0.372557731247952));
#1174=DIRECTION('ref_axis',(0.263438143536709,-0.707106806397256,0.656201424012937));
#1175=DIRECTION('',(0.928009017675675,8.3480843909699E-8,-0.372557731247951));
#1176=DIRECTION('center_axis',(0.70710678491946,9.07756112888126E-8,-0.707106777453629));
#1177=DIRECTION('ref_axis',(0.707106777453632,-5.10502512275965E-16,0.707106784919463));
#1178=DIRECTION('center_axis',(-6.41880503086752E-8,0.999999999999996,6.41880503086719E-8));
#1179=DIRECTION('ref_axis',(-0.999999999999998,-6.41880503086718E-8,-5.36360527007108E-14));
#1180=DIRECTION('',(0.707106777453632,-4.79214772817637E-16,0.707106784919463));
#1181=DIRECTION('',(-0.928009017675675,-8.3480843909699E-8,0.372557731247951));
#1182=DIRECTION('center_axis',(0.258819045102568,7.86139854201744E-8,-0.965925826289052));
#1183=DIRECTION('ref_axis',(0.965925826289053,4.53878056156696E-8,0.258819045102572));
#1184=DIRECTION('',(-0.965925826289053,-4.53878056300369E-8,-0.258819045102572));
#1185=DIRECTION('',(-6.41880503086752E-8,0.999999999999996,6.41880503086719E-8));
#1186=DIRECTION('',(6.41880503086752E-8,-0.999999999999996,-6.41880503086719E-8));
#1187=DIRECTION('center_axis',(-6.41880503086752E-8,0.999999999999996,6.4188050364183E-8));
#1188=DIRECTION('ref_axis',(-4.95437024703345E-14,-6.41880503641863E-8,
0.999999999999998));
#1189=DIRECTION('',(4.96256568404014E-14,6.41880503641864E-8,-0.999999999999998));
#1190=DIRECTION('',(-0.745841054787575,-5.11688529180098E-9,-0.666123953174901));
#1191=DIRECTION('',(-0.928009017675675,-8.34808439303801E-8,0.372557731247951));
#1192=DIRECTION('',(0.558095276712405,8.90848075354752E-8,-0.829776874895472));
#1193=DIRECTION('',(4.96256568404014E-14,6.41880503641864E-8,-0.999999999999998));
#1194=DIRECTION('',(-0.999999999999998,-6.41880503086719E-8,-5.35490310205964E-14));
#1195=DIRECTION('',(-0.999999999999998,-6.41880502840032E-8,-3.84371987363886E-10));
#1196=DIRECTION('',(-0.422618261740748,-8.53011721257384E-8,0.906307787036623));
#1197=DIRECTION('',(-0.928009017675675,-8.34808439303801E-8,0.372557731247951));
#1198=DIRECTION('center_axis',(6.41880503086752E-8,-0.999999999999996,-6.4188050364183E-8));
#1199=DIRECTION('ref_axis',(-4.9515946898282E-14,-6.41880503086752E-8,0.999999999999998));
#1200=DIRECTION('center_axis',(6.41880503086752E-8,-0.999999999999996,-6.4188050364183E-8));
#1201=DIRECTION('ref_axis',(-4.9515946898282E-14,-6.41880503086752E-8,0.999999999999998));
#1202=DIRECTION('center_axis',(6.41880503086752E-8,-0.999999999999996,-6.4188050364183E-8));
#1203=DIRECTION('ref_axis',(-4.9515946898282E-14,-6.41880503086752E-8,0.999999999999998));
#1204=DIRECTION('center_axis',(6.41880503086752E-8,-0.999999999999996,-6.4188050364183E-8));
#1205=DIRECTION('ref_axis',(-4.9515946898282E-14,-6.41880503086752E-8,0.999999999999998));
#1206=DIRECTION('center_axis',(6.41880503086752E-8,-0.999999999999996,-6.41880503086719E-8));
#1207=DIRECTION('ref_axis',(-4.9515946898282E-14,-6.41880503086752E-8,0.999999999999998));
#1208=DIRECTION('center_axis',(6.41880502826866E-8,-0.999999999999996,-6.4188050364183E-8));
#1209=DIRECTION('ref_axis',(-4.9515946898282E-14,-6.41880503086752E-8,0.999999999999998));
#1210=DIRECTION('',(-6.41880503086752E-8,0.999999999999996,6.41880503086719E-8));
#1211=DIRECTION('center_axis',(6.41880503086752E-8,-0.999999999999996,-6.41880503086719E-8));
#1212=DIRECTION('ref_axis',(-4.9515946898282E-14,-6.41880503086752E-8,0.999999999999998));
#1213=DIRECTION('center_axis',(6.41880502826866E-8,-0.999999999999996,-6.4188050364183E-8));
#1214=DIRECTION('ref_axis',(-4.9515946898282E-14,-6.41880503086752E-8,0.999999999999998));
#1215=DIRECTION('',(-6.41880503086752E-8,0.999999999999996,6.41880503086719E-8));
#1216=DIRECTION('center_axis',(6.41880503086752E-8,-0.999999999999996,-6.41880503086719E-8));
#1217=DIRECTION('ref_axis',(-4.9515946898282E-14,-6.41880503086752E-8,0.999999999999998));
#1218=DIRECTION('center_axis',(6.41880502826866E-8,-0.999999999999996,-6.4188050364183E-8));
#1219=DIRECTION('ref_axis',(-4.9515946898282E-14,-6.41880503086752E-8,0.999999999999998));
#1220=DIRECTION('',(-6.41880503086752E-8,0.999999999999996,6.41880503086719E-8));
#1221=DIRECTION('center_axis',(6.41880503086752E-8,-0.999999999999996,-6.41880503086719E-8));
#1222=DIRECTION('ref_axis',(-4.9515946898282E-14,-6.41880503086752E-8,0.999999999999998));
#1223=DIRECTION('center_axis',(6.41880502826866E-8,-0.999999999999996,-6.4188050364183E-8));
#1224=DIRECTION('ref_axis',(-4.9515946898282E-14,-6.41880503086752E-8,0.999999999999998));
#1225=DIRECTION('',(-6.41880503086752E-8,0.999999999999996,6.41880503086719E-8));
#1226=DIRECTION('center_axis',(-6.41880502826866E-8,0.999999999999996,6.4188050364183E-8));
#1227=DIRECTION('ref_axis',(-4.95159468947188E-14,-6.41880503641863E-8,
0.999999999999998));
#1228=DIRECTION('center_axis',(-6.41880502826866E-8,0.999999999999996,6.4188050364183E-8));
#1229=DIRECTION('ref_axis',(-4.95159468947188E-14,-6.41880503641863E-8,
0.999999999999998));
#1230=DIRECTION('center_axis',(-6.41880502826866E-8,0.999999999999996,6.4188050364183E-8));
#1231=DIRECTION('ref_axis',(-4.95159468947188E-14,-6.41880503641863E-8,
0.999999999999998));
#1232=DIRECTION('center_axis',(-6.41880502826866E-8,0.999999999999996,6.4188050364183E-8));
#1233=DIRECTION('ref_axis',(-4.95159468947188E-14,-6.41880503641863E-8,
0.999999999999998));
#1234=DIRECTION('center_axis',(-0.70710678491946,-9.07756112888126E-8,0.707106777453629));
#1235=DIRECTION('ref_axis',(-0.707106777453632,4.79214772817637E-16,-0.707106784919463));
#1236=DIRECTION('',(-6.41880503086752E-8,0.999999999999996,6.41880503086719E-8));
#1237=DIRECTION('center_axis',(-0.372557731247955,3.5653335117238E-8,-0.928009017675677));
#1238=DIRECTION('ref_axis',(0.928009017675675,8.34808439096712E-8,-0.372557731247951));
#1239=DIRECTION('',(6.41880503086752E-8,-0.999999999999996,-6.41880503086719E-8));
#1240=DIRECTION('center_axis',(0.666123953174898,9.06312809651819E-8,-0.745841054787572));
#1241=DIRECTION('ref_axis',(0.745841054787575,5.11688527922369E-9,0.666123953174901));
#1242=DIRECTION('center_axis',(-0.372557731247955,3.5653335117238E-8,-0.928009017675677));
#1243=DIRECTION('ref_axis',(-0.928009017675675,-8.34808439062624E-8,0.372557731247951));
#1244=DIRECTION('',(6.41880503086752E-8,-0.999999999999996,-6.41880503086719E-8));
#1245=DIRECTION('center_axis',(0.829776874895475,1.74387120921178E-8,0.558095276712408));
#1246=DIRECTION('ref_axis',(0.558095276712405,8.90848075209711E-8,-0.829776874895472));
#1247=DIRECTION('center_axis',(0.999999999999998,6.41880503086718E-8,5.37457626463933E-14));
#1248=DIRECTION('ref_axis',(-4.96256568404014E-14,-6.41880503641864E-8,
0.999999999999998));
#1249=DIRECTION('',(6.41880503086752E-8,-0.999999999999996,-6.41880503086719E-8));
#1250=DIRECTION('',(6.41880503086752E-8,-0.999999999999996,-6.41880503086719E-8));
#1251=DIRECTION('',(6.41880503086752E-8,-0.999999999999996,-6.41880503086719E-8));
#1252=DIRECTION('',(6.41880503086752E-8,-0.999999999999996,-6.41880503086719E-8));
#1253=DIRECTION('center_axis',(-0.906307787036625,-3.10470875834723E-8,
-0.422618261740752));
#1254=DIRECTION('ref_axis',(0.422618261740748,8.53011721257384E-8,-0.906307787036623));
#1255=DIRECTION('',(6.41880503086752E-8,-0.999999999999996,-6.41880503086719E-8));
#1256=DIRECTION('center_axis',(3.84367867258084E-10,6.41880503333438E-8,
-0.999999999999998));
#1257=DIRECTION('ref_axis',(0.999999999999998,6.41880502840032E-8,3.84371987363886E-10));
#1258=DIRECTION('',(6.41880503086752E-8,-0.999999999999996,-6.41880503086719E-8));
#1259=DIRECTION('center_axis',(4.94289252181676E-14,6.41880503086752E-8,
-0.999999999999998));
#1260=DIRECTION('ref_axis',(0.999999999999998,6.41880503086718E-8,5.35490310205964E-14));
#1261=DIRECTION('',(6.41880503086752E-8,-0.999999999999996,-6.41880503086719E-8));
#1262=DIRECTION('center_axis',(0.999999999999998,6.41880503086718E-8,5.37457626463933E-14));
#1263=DIRECTION('ref_axis',(-4.96256568404014E-14,-6.41880503641864E-8,
0.999999999999998));
#1264=CARTESIAN_POINT('',(0.,0.,0.));
#1265=CARTESIAN_POINT('Origin',(-72.6542476497062,-2.39999276326844,87.8308233896383));
#1266=CARTESIAN_POINT('',(-75.6542476497062,-2.40000327196776,87.8308233896384));
#1267=CARTESIAN_POINT('Origin',(-72.6542476497062,-2.4000030794036,87.8308233896384));
#1268=CARTESIAN_POINT('Origin',(-72.6542476497062,1.10000723673156,87.8308233896383));
#1269=CARTESIAN_POINT('',(-75.6542476497062,1.10000723673156,87.8308233896383));
#1270=CARTESIAN_POINT('Origin',(-72.6542476497062,1.10000723673156,87.8308233896383));
#1271=CARTESIAN_POINT('Origin',(-66.2741923509269,-2.39999276326844,123.631429936824));
#1272=CARTESIAN_POINT('',(-69.2741923509269,-2.40000516041558,123.631429936824));
#1273=CARTESIAN_POINT('Origin',(-66.2741923509269,-2.40000496785143,123.631429936824));
#1274=CARTESIAN_POINT('Origin',(-66.2741923509269,1.10000723673156,123.631429936824));
#1275=CARTESIAN_POINT('',(-69.2741923509269,1.10000723673156,123.631429936824));
#1276=CARTESIAN_POINT('Origin',(-66.2741923509269,1.10000723673156,123.631429936824));
#1277=CARTESIAN_POINT('Origin',(-104.920057542436,-2.39999276326844,127.631430193574));
#1278=CARTESIAN_POINT('',(-107.920057542436,-2.40000789777054,127.631430193574));
#1279=CARTESIAN_POINT('Origin',(-104.920057542436,-2.40000770520639,127.631430193574));
#1280=CARTESIAN_POINT('',(-107.920057542436,0.500007236731565,127.631430193574));
#1281=CARTESIAN_POINT('',(-107.920057542436,-2.39999276326844,127.631430193574));
#1282=CARTESIAN_POINT('Origin',(-104.920057542436,0.500007236731564,127.631430193574));
#1283=CARTESIAN_POINT('Origin',(-104.920057542436,0.500007236731564,127.631430193574));
#1284=CARTESIAN_POINT('',(-106.545057542436,0.500007236731564,127.631430193574));
#1285=CARTESIAN_POINT('Origin',(-104.920057542436,0.500007236731564,127.631430193574));
#1286=CARTESIAN_POINT('Origin',(-104.920057542436,-2.39999276326844,127.631430193574));
#1287=CARTESIAN_POINT('',(-106.545057542436,1.10000723673156,127.631430193574));
#1288=CARTESIAN_POINT('',(-106.545057542436,-2.39999276326844,127.631430193574));
#1289=CARTESIAN_POINT('',(-106.200926413237,1.0999921483891,128.63143016148));
#1290=CARTESIAN_POINT('Origin',(-104.920057542436,1.10000723673156,127.631430193574));
#1291=CARTESIAN_POINT('',(-103.639188671634,1.09999231282205,128.631430161481));
#1292=CARTESIAN_POINT('Origin',(-104.920057542436,1.09999229479363,127.631430193574));
#1293=CARTESIAN_POINT('Origin',(-104.920057542436,1.10000723673156,127.631430193574));
#1294=CARTESIAN_POINT('Origin',(-102.047888420618,1.10000723673156,122.63143000101));
#1295=CARTESIAN_POINT('',(-96.175719491365,1.10000723673156,128.631430001011));
#1296=CARTESIAN_POINT('',(-88.3593964268867,1.09999329360213,128.631430161481));
#1297=CARTESIAN_POINT('',(-107.920057349871,1.10000723673156,116.63143000101));
#1298=CARTESIAN_POINT('',(-96.175719491365,1.10000723673156,128.631430001011));
#1299=CARTESIAN_POINT('',(-107.920057510342,1.09999203804143,128.63143016148));
#1300=CARTESIAN_POINT('',(-107.920057510339,1.09999536529045,76.795473136538));
#1301=CARTESIAN_POINT('',(-88.3593964268867,1.09999329360213,128.631430161481));
#1302=CARTESIAN_POINT('Origin',(-96.175719491365,-1.39999276326844,128.631430001011));
#1303=CARTESIAN_POINT('',(-107.920057349871,-1.39999276326844,116.63143000101));
#1304=CARTESIAN_POINT('',(-96.175719491365,-1.40000720811241,128.631430001011));
#1305=CARTESIAN_POINT('',(-95.8432702967643,-1.40000720857695,128.97111627224));
#1306=CARTESIAN_POINT('',(-107.920057446154,0.100003065967925,116.631429902631));
#1307=CARTESIAN_POINT('',(-96.1757193971338,0.0999989509724135,128.631430097293));
#1308=CARTESIAN_POINT('Origin',(-61.3060655758684,-1.40000286474464,95.8347854377697));
#1309=CARTESIAN_POINT('',(-16.0472372929576,-1.4,96.4631159355396));
#1310=CARTESIAN_POINT('',(-35.0289234498167,-1.40000170753425,104.083487931032));
#1311=CARTESIAN_POINT('',(-35.6109842428174,-1.39999999999999,76.8993687791204));
#1312=CARTESIAN_POINT('',(-26.9121558016106,-1.4,85.5981973121719));
#1313=CARTESIAN_POINT('',(-36.9451029855996,-1.40000021295594,78.8829384800618));
#1314=CARTESIAN_POINT('',(-45.2799698186861,-1.40000154339187,91.2752306961317));
#1315=CARTESIAN_POINT('',(-73.6707670240498,-1.400003516684,93.6267931324757));
#1316=CARTESIAN_POINT('',(-39.4214766982291,-1.40000043572292,79.8771014187045));
#1317=CARTESIAN_POINT('',(-107.920057349868,-1.40000375165321,63.0381408736282));
#1318=CARTESIAN_POINT('',(-107.920057349868,-1.40000375165321,63.0381408736282));
#1319=CARTESIAN_POINT('',(-107.920057349869,-1.40000463784236,76.8442798330424));
#1320=CARTESIAN_POINT('Origin',(-112.920057542436,1.59999171710118,128.631430193574));
#1321=CARTESIAN_POINT('',(-92.1494980110298,1.0999930503229,128.631430161481));
#1322=CARTESIAN_POINT('',(-88.3593964268867,1.09999329360213,128.631430161481));
#1323=CARTESIAN_POINT('',(-92.1494979468418,0.0999930503228999,128.631430097293));
#1324=CARTESIAN_POINT('',(-92.1494980431239,1.59999305032289,128.631430193575));
#1325=CARTESIAN_POINT('Origin',(-96.1757195876471,0.0999927918875826,128.631430097293));
#1326=CARTESIAN_POINT('Origin',(-36.3910809953406,0.500007236731645,123.631429936826));
#1327=CARTESIAN_POINT('',(-39.3910809953406,0.500007236731557,123.631429936826));
#1328=CARTESIAN_POINT('Origin',(-36.3910809953406,0.500007236731556,123.631429936826));
#1329=CARTESIAN_POINT('',(-38.5160809953406,0.500007236731645,123.631429936826));
#1330=CARTESIAN_POINT('Origin',(-36.3910809953406,0.500007236731645,123.631429936826));
#1331=CARTESIAN_POINT('Origin',(-93.5202511988729,0.500007236731653,69.1950233328942));
#1332=CARTESIAN_POINT('',(-96.5202511988729,0.500007236731563,69.1950233328942));
#1333=CARTESIAN_POINT('Origin',(-93.5202511988729,0.500007236731563,69.1950233328942));
#1334=CARTESIAN_POINT('',(-95.6452511988729,0.500007236731653,69.1950233328942));
#1335=CARTESIAN_POINT('Origin',(-93.5202511988729,0.500007236731653,69.1950233328942));
#1336=CARTESIAN_POINT('Origin',(-53.0816755740806,0.0999986812849303,79.9732349188794));
#1337=CARTESIAN_POINT('',(-55.2066755740805,0.0999985448853358,79.9732347263146));
#1338=CARTESIAN_POINT('',(-53.0816755740805,0.0999984734666503,77.8482349188794));
#1339=CARTESIAN_POINT('Origin',(-53.0816755740806,0.0999986812849303,79.9732349188794));
#1340=CARTESIAN_POINT('Origin',(-53.0816755740806,0.0999986812849303,79.9732349188794));
#1341=CARTESIAN_POINT('',(-53.0816755740805,0.499998817684537,77.8482349188794));
#1342=CARTESIAN_POINT('',(-53.0816755740805,0.0999986812849303,77.8482349188794));
#1343=CARTESIAN_POINT('',(-55.2066755740805,0.499998544885336,79.9732347263146));
#1344=CARTESIAN_POINT('Origin',(-53.0816755740806,0.49999868128493,79.9732349188794));
#1345=CARTESIAN_POINT('Origin',(-53.0816755740806,0.49999868128493,79.9732349188794));
#1346=CARTESIAN_POINT('Origin',(-53.0816754136104,0.500007236731648,79.9732347584092));
#1347=CARTESIAN_POINT('',(-56.0816754136104,0.500007236731558,79.9732347584092));
#1348=CARTESIAN_POINT('Origin',(-53.0816754136104,0.500007236731558,79.9732347584092));
#1349=CARTESIAN_POINT('Origin',(-29.5083958546073,0.099998339486821,108.871463837178));
#1350=CARTESIAN_POINT('',(-31.6333958546073,0.0999982030872266,108.871463644613));
#1351=CARTESIAN_POINT('',(-29.5083958546072,0.099998131668541,106.746463837178));
#1352=CARTESIAN_POINT('Origin',(-29.5083958546073,0.099998339486821,108.871463837178));
#1353=CARTESIAN_POINT('Origin',(-29.5083958546073,0.099998339486821,108.871463837178));
#1354=CARTESIAN_POINT('',(-29.5083958546073,0.499998475886428,106.746463837178));
#1355=CARTESIAN_POINT('',(-29.5083958546072,0.099998339486821,106.746463837178));
#1356=CARTESIAN_POINT('',(-31.6333958546073,0.499998203087227,108.871463644613));
#1357=CARTESIAN_POINT('Origin',(-29.5083958546073,0.499998339486821,108.871463837178));
#1358=CARTESIAN_POINT('Origin',(-29.5083958546073,0.499998339486821,108.871463837178));
#1359=CARTESIAN_POINT('Origin',(-29.5083956941372,0.500007236731645,108.871463676707));
#1360=CARTESIAN_POINT('',(-32.5083956941372,0.500007236731556,108.871463676707));
#1361=CARTESIAN_POINT('Origin',(-29.5083956941372,0.500007236731556,108.871463676707));
#1362=CARTESIAN_POINT('Origin',(-53.0816754136104,-2.39999276326844,79.9732347584092));
#1363=CARTESIAN_POINT('',(-56.0816754136104,-2.40000151127921,79.9732347584092));
#1364=CARTESIAN_POINT('Origin',(-53.0816754136104,-2.40000131871506,79.9732347584092));
#1365=CARTESIAN_POINT('',(-56.0816754136104,-2.39999276326844,79.9732347584092));
#1366=CARTESIAN_POINT('Origin',(-29.5083956941372,-2.39999276326844,108.871463676707));
#1367=CARTESIAN_POINT('',(-32.5083956941372,-2.40000185307732,108.871463676707));
#1368=CARTESIAN_POINT('Origin',(-29.5083956941372,-2.40000166051317,108.871463676707));
#1369=CARTESIAN_POINT('',(-32.5083956941372,-2.39999276326844,108.871463676707));
#1370=CARTESIAN_POINT('Origin',(-36.3910809953406,-2.39999276326844,123.631429936826));
#1371=CARTESIAN_POINT('',(-39.3910809953406,-2.40000324227693,123.631429936826));
#1372=CARTESIAN_POINT('Origin',(-36.3910809953406,-2.40000304971278,123.631429936826));
#1373=CARTESIAN_POINT('',(-39.3910809953406,-2.39999276326844,123.631429936826));
#1374=CARTESIAN_POINT('Origin',(-93.5202511988729,-2.39999276326844,69.1950233328942));
#1375=CARTESIAN_POINT('',(-96.5202511988729,-2.40000341512017,69.1950233328942));
#1376=CARTESIAN_POINT('Origin',(-93.5202511988729,-2.40000322255602,69.1950233328942));
#1377=CARTESIAN_POINT('',(-96.5202511988729,-2.39999276326844,69.1950233328942));
#1378=CARTESIAN_POINT('Origin',(-36.3910809953406,-2.39999276326836,123.631429936826));
#1379=CARTESIAN_POINT('',(-38.5160809953406,0.099996813887627,123.631429936826));
#1380=CARTESIAN_POINT('Origin',(-36.3910809953406,0.0999969502872339,123.631429936826));
#1381=CARTESIAN_POINT('',(-38.5160809953406,-2.39999276326836,123.631429936826));
#1382=CARTESIAN_POINT('Origin',(-93.5202511988729,-2.39999276326835,69.1950233328942));
#1383=CARTESIAN_POINT('',(-95.6452511988729,0.0999966410443859,69.1950233328942));
#1384=CARTESIAN_POINT('Origin',(-93.5202511988729,0.0999967774439928,69.1950233328942));
#1385=CARTESIAN_POINT('',(-95.6452511988729,-2.39999276326835,69.1950233328942));
#1386=CARTESIAN_POINT('Ctrl Pts',(-83.0634145734288,-2.40000201786286,60.8836755720622));
#1387=CARTESIAN_POINT('Ctrl Pts',(-83.0634146483149,-1.23333535119619,60.8836756469482));
#1388=CARTESIAN_POINT('Ctrl Pts',(-83.063414723201,-0.06666868452953,60.8836757218343));
#1389=CARTESIAN_POINT('Ctrl Pts',(-83.063414798087,1.09999798213713,60.8836757967203));
#1390=CARTESIAN_POINT('Ctrl Pts',(-82.9317837650244,-2.40000201126405,60.9125021561212));
#1391=CARTESIAN_POINT('Ctrl Pts',(-82.9317838399104,-1.23333534459739,60.9125022310072));
#1392=CARTESIAN_POINT('Ctrl Pts',(-82.9317839147965,-0.0666686779307246,
60.9125023058933));
#1393=CARTESIAN_POINT('Ctrl Pts',(-82.9317839896825,1.09999798873594,60.9125023807793));
#1394=CARTESIAN_POINT('Ctrl Pts',(-82.6945583047506,-2.40000200695063,61.0825277917517));
#1395=CARTESIAN_POINT('Ctrl Pts',(-82.6945583796366,-1.23333534028397,61.0825278666378));
#1396=CARTESIAN_POINT('Ctrl Pts',(-82.6945584545226,-0.0666686736173057,
61.0825279415238));
#1397=CARTESIAN_POINT('Ctrl Pts',(-82.6945585294087,1.09999799304936,61.0825280164099));
#1398=CARTESIAN_POINT('Ctrl Pts',(-82.6525386908936,-2.40000202279249,61.371351246175));
#1399=CARTESIAN_POINT('Ctrl Pts',(-82.6525387657796,-1.23333535612582,61.3713513210611));
#1400=CARTESIAN_POINT('Ctrl Pts',(-82.6525388406657,-0.066668689459156,
61.3713513959472));
#1401=CARTESIAN_POINT('Ctrl Pts',(-82.6525389155518,1.09999797720751,61.3713514708332));
#1402=CARTESIAN_POINT('Ctrl Pts',(-82.6874146332531,-2.40000203338574,61.5015100350226));
#1403=CARTESIAN_POINT('Ctrl Pts',(-82.6874147081391,-1.23333536671908,61.5015101099086));
#1404=CARTESIAN_POINT('Ctrl Pts',(-82.6874147830252,-0.0666687000524165,
61.5015101847947));
#1405=CARTESIAN_POINT('Ctrl Pts',(-82.6874148579113,1.09999796661425,61.5015102596808));
#1406=CARTESIAN_POINT('',(-83.063414798087,1.09999798213713,60.8836757967203));
#1407=CARTESIAN_POINT('',(-82.6874148579113,1.09999796661425,61.5015102596808));
#1408=CARTESIAN_POINT('Ctrl Pts',(-83.063414798087,1.09999798213713,60.8836757967203));
#1409=CARTESIAN_POINT('Ctrl Pts',(-82.9317839896825,1.09999798873594,60.9125023807793));
#1410=CARTESIAN_POINT('Ctrl Pts',(-82.8131712595456,1.09999799089265,60.9975151985946));
#1411=CARTESIAN_POINT('Ctrl Pts',(-82.7433599910129,1.09999798801054,61.1122274711081));
#1412=CARTESIAN_POINT('Ctrl Pts',(-82.6735487224802,1.09999798512843,61.2269397436216));
#1413=CARTESIAN_POINT('Ctrl Pts',(-82.6525389155518,1.09999797720751,61.3713514708332));
#1414=CARTESIAN_POINT('Ctrl Pts',(-82.6874148579113,1.09999796661425,61.5015102596808));
#1415=CARTESIAN_POINT('',(-82.6874146332531,-2.40000203338574,61.5015100350226));
#1416=CARTESIAN_POINT('Ctrl Pts',(-82.6874148579113,1.09999796661425,61.5015102596808));
#1417=CARTESIAN_POINT('Ctrl Pts',(-82.6874147830252,-0.0666687000524165,
61.5015101847947));
#1418=CARTESIAN_POINT('Ctrl Pts',(-82.6874147081391,-1.23333536671908,61.5015101099086));
#1419=CARTESIAN_POINT('Ctrl Pts',(-82.6874146332531,-2.40000203338574,61.5015100350226));
#1420=CARTESIAN_POINT('',(-83.0634145734288,-2.40000201786286,60.8836755720622));
#1421=CARTESIAN_POINT('Ctrl Pts',(-82.6874146332531,-2.40000203338574,61.5015100350226));
#1422=CARTESIAN_POINT('Ctrl Pts',(-82.6525386908936,-2.40000202279248,61.371351246175));
#1423=CARTESIAN_POINT('Ctrl Pts',(-82.6735484978221,-2.40000201487155,61.2269395189634));
#1424=CARTESIAN_POINT('Ctrl Pts',(-82.7433597663548,-2.40000201198945,61.1122272464499));
#1425=CARTESIAN_POINT('Ctrl Pts',(-82.8131710348875,-2.40000200910734,60.9975149739365));
#1426=CARTESIAN_POINT('Ctrl Pts',(-82.9317837650244,-2.40000201126405,60.9125021561212));
#1427=CARTESIAN_POINT('Ctrl Pts',(-83.0634145734288,-2.40000201786285,60.8836755720622));
#1428=CARTESIAN_POINT('Ctrl Pts',(-83.0634145734288,-2.40000201786286,60.8836755720622));
#1429=CARTESIAN_POINT('Ctrl Pts',(-83.0634146483149,-1.23333535119619,60.8836756469482));
#1430=CARTESIAN_POINT('Ctrl Pts',(-83.063414723201,-0.06666868452953,60.8836757218343));
#1431=CARTESIAN_POINT('Ctrl Pts',(-83.063414798087,1.09999798213713,60.8836757967203));
#1432=CARTESIAN_POINT('Origin',(-63.7987351187717,-2.4000030184786,95.7371716596323));
#1433=CARTESIAN_POINT('',(-83.1874264515519,-2.40000218525989,63.3675795452983));
#1434=CARTESIAN_POINT('',(-86.2655450908238,-2.40000312021108,74.8552746987834));
#1435=CARTESIAN_POINT('',(-36.6815654339865,-2.39999999999998,75.8287874482716));
#1436=CARTESIAN_POINT('',(-69.9996872113551,-2.40000156558234,66.901223624702));
#1437=CARTESIAN_POINT('',(-14.6806768891167,-2.4,97.8296762254731));
#1438=CARTESIAN_POINT('',(-27.5597265611031,-2.39999999999999,84.950626417466));
#1439=CARTESIAN_POINT('',(-14.7029304899902,-2.40000013847395,99.9647393412166));
#1440=CARTESIAN_POINT('Ctrl Pts',(-14.7029304899902,-2.40000013847395,99.9647393412166));
#1441=CARTESIAN_POINT('Ctrl Pts',(-14.6820199385195,-2.40000011069702,99.5529069188872));
#1442=CARTESIAN_POINT('Ctrl Pts',(-14.6701314265643,-2.40000008346089,99.1404775316221));
#1443=CARTESIAN_POINT('Ctrl Pts',(-14.6683093301863,-2.40000005687494,98.7281111874573));
#1444=CARTESIAN_POINT('Ctrl Pts',(-14.6669858914521,-2.40000003756483,98.4285981654483));
#1445=CARTESIAN_POINT('Ctrl Pts',(-14.670972543948,-2.40000001859281,98.1290422172955));
#1446=CARTESIAN_POINT('Ctrl Pts',(-14.6806769057723,-2.4,97.829676226013));
#1447=CARTESIAN_POINT('',(-28.6495002211765,-2.40000300597257,130.691572222472));
#1448=CARTESIAN_POINT('Ctrl Pts',(-28.6495002211765,-2.40000300597257,130.691572222472));
#1449=CARTESIAN_POINT('Ctrl Pts',(-24.601440618813,-2.40000218891315,122.010480390569));
#1450=CARTESIAN_POINT('Ctrl Pts',(-20.5533810164495,-2.40000137185374,113.329388558667));
#1451=CARTESIAN_POINT('Ctrl Pts',(-16.505321414086,-2.40000055479433,104.648296726764));
#1452=CARTESIAN_POINT('Ctrl Pts',(-15.9334910552047,-2.40000043937622,103.422002564786));
#1453=CARTESIAN_POINT('Ctrl Pts',(-15.4046820889697,-2.40000033264154,102.287968077067));
#1454=CARTESIAN_POINT('Ctrl Pts',(-15.0598234667224,-2.40000024900778,101.329877585276));
#1455=CARTESIAN_POINT('Ctrl Pts',(-14.9509844805388,-2.40000022261257,101.027499767029));
#1456=CARTESIAN_POINT('Ctrl Pts',(-14.8410389201231,-2.40000019380648,100.688668671193));
#1457=CARTESIAN_POINT('Ctrl Pts',(-14.7701387191876,-2.40000016937643,100.378967782507));
#1458=CARTESIAN_POINT('Ctrl Pts',(-14.7204636077093,-2.40000015225991,100.161980722282));
#1459=CARTESIAN_POINT('Ctrl Pts',(-14.7062236104038,-2.40000014284843,100.029597207775));
#1460=CARTESIAN_POINT('Ctrl Pts',(-14.7029304899902,-2.40000013847395,99.9647393412166));
#1461=CARTESIAN_POINT('',(-30.0203783882549,-2.4000032826703,133.631429938947));
#1462=CARTESIAN_POINT('',(-28.6495002211764,-2.40000300597257,130.691572222472));
#1463=CARTESIAN_POINT('',(-35.5372679820787,-2.40000363678869,133.631429936826));
#1464=CARTESIAN_POINT('',(-35.5372679820787,-2.40000363678869,133.631429936826));
#1465=CARTESIAN_POINT('',(-112.920057285684,-2.40000860383906,133.631429936822));
#1466=CARTESIAN_POINT('',(-112.920057285684,-2.40000860383906,133.631429936822));
#1467=CARTESIAN_POINT('',(-112.92005728568,-2.40000373981907,57.8537741641293));
#1468=CARTESIAN_POINT('',(-112.92005728568,-2.40000373981907,57.8537741641293));
#1469=CARTESIAN_POINT('',(-95.4212092916314,-2.40000268403126,58.9042675586821));
#1470=CARTESIAN_POINT('Ctrl Pts',(-95.4212092916314,-2.40000268403126,58.9042675586822));
#1471=CARTESIAN_POINT('Ctrl Pts',(-100.112818571926,-2.40000295370333,58.4139397459302));
#1472=CARTESIAN_POINT('Ctrl Pts',(-105.703453414168,-2.40000329016044,58.0650455557853));
#1473=CARTESIAN_POINT('Ctrl Pts',(-112.92005728568,-2.40000373981907,57.8537741641293));
#1474=CARTESIAN_POINT('Ctrl Pts',(-83.0634145734288,-2.40000201786286,60.8836755720622));
#1475=CARTESIAN_POINT('Ctrl Pts',(-86.1318561603092,-2.40000217168734,60.2116999881806));
#1476=CARTESIAN_POINT('Ctrl Pts',(-89.3099054833509,-2.40000233883231,59.6376395231326));
#1477=CARTESIAN_POINT('Ctrl Pts',(-93.0407285978232,-2.40000254863453,59.1753721891251));
#1478=CARTESIAN_POINT('Ctrl Pts',(-93.8094529340097,-2.40000259186361,59.0801234628862));
#1479=CARTESIAN_POINT('Ctrl Pts',(-94.6016776026083,-2.40000263692487,58.9899181652336));
#1480=CARTESIAN_POINT('Ctrl Pts',(-95.4212092916314,-2.40000268403127,58.9042675586821));
#1481=CARTESIAN_POINT('Origin',(-82.5500620044921,1.59999800833396,60.9889023444736));
#1482=CARTESIAN_POINT('',(-83.1874266762101,1.0999978147401,63.3675797699565));
#1483=CARTESIAN_POINT('',(-86.2655453154819,1.09999687978891,74.8552749234416));
#1484=CARTESIAN_POINT('',(-83.1874267083041,1.5999978147401,63.3675798020505));
#1485=CARTESIAN_POINT('Origin',(-45.2799699149682,0.0999984566081235,91.2752307924137));
#1486=CARTESIAN_POINT('',(-36.6960349318655,0.0999999993201062,75.8249105614681));
#1487=CARTESIAN_POINT('',(-36.6815655812536,-0.105692631812489,75.8287875955388));
#1488=CARTESIAN_POINT('Origin',(-35.1643568478141,0.100000071291996,76.2353224671542));
#1489=CARTESIAN_POINT('',(-39.4214767945055,0.0999995642770702,79.877101514991));
#1490=CARTESIAN_POINT('',(-46.5246352273114,0.0999984304500554,90.4380878773451));
#1491=CARTESIAN_POINT('Origin',(-36.9451030818817,0.0999997870440513,78.8829385763439));
#1492=CARTESIAN_POINT('Origin',(-35.6109843390995,0.100000000000004,76.8993688754024));
#1493=CARTESIAN_POINT('Origin',(-35.0289235460987,0.0999982924657437,104.083488027314));
#1494=CARTESIAN_POINT('',(-14.8938940564651,0.0999999999999899,97.6164593767736));
#1495=CARTESIAN_POINT('',(-34.4700869492268,0.0999982389857411,105.475501553828));
#1496=CARTESIAN_POINT('Origin',(-16.0472373892397,0.0999999999999907,96.4631160318217));
#1497=CARTESIAN_POINT('Origin',(-61.3060655758684,-1.40000286474464,95.8347854377697));
#1498=CARTESIAN_POINT('',(-14.6806769533463,-1.4,97.8296762895795));
#1499=CARTESIAN_POINT('',(-14.8938939601831,-1.4,97.6164592804915));
#1500=CARTESIAN_POINT('',(-26.9121558016106,-1.4,85.5981973121719));
#1501=CARTESIAN_POINT('',(-14.6920738018669,-1.39999998184488,97.5354367269707));
#1502=CARTESIAN_POINT('',(-34.4700868529447,-1.40000176101425,105.475501457545));
#1503=CARTESIAN_POINT('Ctrl Pts',(-14.6920738018669,-1.39999998184488,97.5354367269708));
#1504=CARTESIAN_POINT('Ctrl Pts',(-14.6876512760376,-1.3999999878549,97.6334907184004));
#1505=CARTESIAN_POINT('Ctrl Pts',(-14.6838571136503,-1.39999999390709,97.7315733046265));
#1506=CARTESIAN_POINT('Ctrl Pts',(-14.6806769699631,-1.40000000000001,97.8296762901182));
#1507=CARTESIAN_POINT('Origin',(-82.9942415430463,1.59999782381766,63.419343611071));
#1508=CARTESIAN_POINT('',(-36.6960349960535,1.09999999932011,75.8249106256561));
#1509=CARTESIAN_POINT('',(-69.9996874360132,1.09999843441764,66.9012238493602));
#1510=CARTESIAN_POINT('',(-36.6960348997715,-0.400000000679888,75.824910529374));
#1511=CARTESIAN_POINT('',(-36.6815655944566,0.100000000000007,75.8287876087418));
#1512=CARTESIAN_POINT('Origin',(-63.7987353434299,1.09999698152138,95.7371718842905));
#1513=CARTESIAN_POINT('',(-107.920057510338,1.09999624834678,63.0381410340983));
#1514=CARTESIAN_POINT('',(-107.920057510339,1.09999536529045,76.795473136538));
#1515=CARTESIAN_POINT('',(-73.67076718452,1.09999648331599,93.6267932929458));
#1516=CARTESIAN_POINT('',(-87.5253690636157,1.09999638826571,81.2530011637419));
#1517=CARTESIAN_POINT('',(-39.4214768586935,1.09999956427707,79.877101579179));
#1518=CARTESIAN_POINT('',(-69.7846845485482,1.09999683289607,92.0666897780835));
#1519=CARTESIAN_POINT('',(-46.89022942419,1.09999837209285,90.9816538335276));
#1520=CARTESIAN_POINT('',(-95.4212095162895,1.09999731596872,58.9042677833403));
#1521=CARTESIAN_POINT('Ctrl Pts',(-95.4212095162895,1.09999731596872,58.9042677833403));
#1522=CARTESIAN_POINT('Ctrl Pts',(-94.6016778272665,1.09999736307512,58.9899183898917));
#1523=CARTESIAN_POINT('Ctrl Pts',(-93.8094489609304,1.09999740813662,59.080124145706));
#1524=CARTESIAN_POINT('Ctrl Pts',(-93.0407198675145,1.09999745136596,59.175373523348));
#1525=CARTESIAN_POINT('Ctrl Pts',(-89.3098737593366,1.09999766116946,59.6376440070924));
#1526=CARTESIAN_POINT('Ctrl Pts',(-86.1354089420303,1.09999782829907,60.208359177));
#1527=CARTESIAN_POINT('Ctrl Pts',(-83.0644767448915,1.09999798212177,60.882853147863));
#1528=CARTESIAN_POINT('',(-112.920057510338,1.09999626018091,57.8537743887875));
#1529=CARTESIAN_POINT('Ctrl Pts',(-112.920057510338,1.09999626018091,57.8537743887875));
#1530=CARTESIAN_POINT('Ctrl Pts',(-105.703453638826,1.09999670983955,58.0650457804435));
#1531=CARTESIAN_POINT('Ctrl Pts',(-100.112818796585,1.09999704629666,58.4139399705884));
#1532=CARTESIAN_POINT('Ctrl Pts',(-95.4212095162895,1.09999731596873,58.9042677833403));
#1533=CARTESIAN_POINT('',(-112.920057510342,1.09999139616093,133.63143016148));
#1534=CARTESIAN_POINT('',(-112.920057510339,1.0999950443502,76.7954731365377));
#1535=CARTESIAN_POINT('',(-35.5372682067369,1.0999963632113,133.631430161484));
#1536=CARTESIAN_POINT('',(-88.3593964268869,1.09999297266188,133.631430161481));
#1537=CARTESIAN_POINT('',(-30.0203786129131,1.09999671732969,133.631430163605));
#1538=CARTESIAN_POINT('',(-49.668001782366,1.09999545618706,133.631430156053));
#1539=CARTESIAN_POINT('',(-28.6495004458347,1.09999699402742,130.69157244713));
#1540=CARTESIAN_POINT('',(-25.7797190048093,1.09999757326344,124.537306286502));
#1541=CARTESIAN_POINT('',(-14.7029307146484,1.09999986152603,99.9647395658748));
#1542=CARTESIAN_POINT('Ctrl Pts',(-14.7029307146484,1.09999986152603,99.9647395658748));
#1543=CARTESIAN_POINT('Ctrl Pts',(-14.7062238350619,1.09999985715156,100.029597432433));
#1544=CARTESIAN_POINT('Ctrl Pts',(-14.7204638323674,1.09999984774008,100.16198094694));
#1545=CARTESIAN_POINT('Ctrl Pts',(-14.7701389438457,1.09999983062355,100.378968007165));
#1546=CARTESIAN_POINT('Ctrl Pts',(-14.8410391447813,1.09999980619351,100.688668895851));
#1547=CARTESIAN_POINT('Ctrl Pts',(-14.950984705197,1.09999977738741,101.027499991687));
#1548=CARTESIAN_POINT('Ctrl Pts',(-15.0598236913806,1.09999975099221,101.329877809934));
#1549=CARTESIAN_POINT('Ctrl Pts',(-15.4046823136279,1.09999966735844,102.287968301726));
#1550=CARTESIAN_POINT('Ctrl Pts',(-15.9334912798629,1.09999956062377,103.422002789444));
#1551=CARTESIAN_POINT('Ctrl Pts',(-16.5053216387442,1.09999944520566,104.648296951422));
#1552=CARTESIAN_POINT('Ctrl Pts',(-20.5533812411077,1.09999862814625,113.329388783325));
#1553=CARTESIAN_POINT('Ctrl Pts',(-24.6014408434712,1.09999781108683,122.010480615227));
#1554=CARTESIAN_POINT('Ctrl Pts',(-28.6495004458347,1.09999699402742,130.69157244713));
#1555=CARTESIAN_POINT('',(-14.692073962337,1.10000001815511,97.5354368874409));
#1556=CARTESIAN_POINT('Ctrl Pts',(-14.692073962337,1.10000001815511,97.5354368874409));
#1557=CARTESIAN_POINT('Ctrl Pts',(-14.6741558856602,1.09999999380522,97.9327073624376));
#1558=CARTESIAN_POINT('Ctrl Pts',(-14.6665524219207,1.09999996876313,98.3304472222497));
#1559=CARTESIAN_POINT('Ctrl Pts',(-14.6683095548445,1.09999994312505,98.7281114121154));
#1560=CARTESIAN_POINT('Ctrl Pts',(-14.6701316512224,1.0999999165391,99.1404777562802));
#1561=CARTESIAN_POINT('Ctrl Pts',(-14.6820201631776,1.09999988930296,99.5529071435454));
#1562=CARTESIAN_POINT('Ctrl Pts',(-14.7029307146484,1.09999986152603,99.9647395658748));
#1563=CARTESIAN_POINT('',(-35.5265571315383,1.09999814394893,105.899631236201));
#1564=CARTESIAN_POINT('',(-53.0816756382685,1.09999878559051,78.3482349830675));
#1565=CARTESIAN_POINT('Origin',(-53.0816756382686,1.09999868128493,79.9732349830675));
#1566=CARTESIAN_POINT('',(-36.3910812199987,1.09999705459279,122.006430161484));
#1567=CARTESIAN_POINT('Origin',(-36.3910812199988,1.09999695028721,123.631430161484));
#1568=CARTESIAN_POINT('',(-93.520251423531,1.09999688174955,67.5700235575524));
#1569=CARTESIAN_POINT('Origin',(-93.5202514235311,1.09999677744397,69.1950235575524));
#1570=CARTESIAN_POINT('',(-29.5083959187953,1.0999984437924,107.246463901366));
#1571=CARTESIAN_POINT('Origin',(-29.5083959187954,1.09999833948682,108.871463901366));
#1572=CARTESIAN_POINT('Origin',(-29.5083956941372,-2.40000166051317,108.871463676708));
#1573=CARTESIAN_POINT('',(-29.5083958546073,0.0999984437924032,107.246463837178));
#1574=CARTESIAN_POINT('Origin',(-29.5083958546073,0.0999983394868215,108.871463837178));
#1575=CARTESIAN_POINT('',(-29.5083956941371,-2.40000155620759,107.246463676708));
#1576=CARTESIAN_POINT('Origin',(-93.5202511988729,-2.40000322255602,69.1950233328942));
#1577=CARTESIAN_POINT('',(-93.520251359343,0.0999968817495543,67.5700234933643));
#1578=CARTESIAN_POINT('Origin',(-93.520251359343,0.0999967774439725,69.1950234933644));
#1579=CARTESIAN_POINT('',(-93.5202511988728,-2.40000311825044,67.5700233328942));
#1580=CARTESIAN_POINT('Origin',(-36.3910809953406,-2.40000304971278,123.631429936826));
#1581=CARTESIAN_POINT('',(-36.3910811558107,0.0999970545927954,122.006430097296));
#1582=CARTESIAN_POINT('Origin',(-36.3910811558108,0.0999969502872136,123.631430097296));
#1583=CARTESIAN_POINT('',(-36.3910809953406,-2.40000294540719,122.006429936826));
#1584=CARTESIAN_POINT('Origin',(-53.0816754136104,-2.40000131871506,79.9732347584093));
#1585=CARTESIAN_POINT('',(-53.0816755740805,0.0999987855905125,78.3482349188794));
#1586=CARTESIAN_POINT('Origin',(-53.0816755740806,0.0999986812849307,79.9732349188794));
#1587=CARTESIAN_POINT('',(-53.0816754136104,-2.40000121440948,78.3482347584093));
#1588=CARTESIAN_POINT('Origin',(-53.0816755740806,0.0999986812849303,79.9732349188794));
#1589=CARTESIAN_POINT('Origin',(-93.520251359343,0.0999967774439723,69.1950234933644));
#1590=CARTESIAN_POINT('Origin',(-29.5083958546073,0.099998339486821,108.871463837178));
#1591=CARTESIAN_POINT('Origin',(-36.3910811558108,0.0999969502872133,123.631430097296));
#1592=CARTESIAN_POINT('Origin',(-14.8334951588508,-1.4,97.6768580824615));
#1593=CARTESIAN_POINT('',(-14.893893928089,-1.9,97.6164592483975));
#1594=CARTESIAN_POINT('Ctrl Pts',(-14.6806768891582,-2.4,97.8296762253915));
#1595=CARTESIAN_POINT('Ctrl Pts',(-14.6806769105542,-2.06666666666667,97.8296762467875));
#1596=CARTESIAN_POINT('Ctrl Pts',(-14.6806769319502,-1.73333333333334,97.8296762681835));
#1597=CARTESIAN_POINT('Ctrl Pts',(-14.6806769533463,-1.4,97.8296762895795));
#1598=CARTESIAN_POINT('Origin',(-73.670767216614,1.59999648331599,93.6267933250398));
#1599=CARTESIAN_POINT('',(-73.670767216614,1.59999648331599,93.6267933250398));
#1600=CARTESIAN_POINT('Ctrl Pts',(-39.4214767945055,0.0999995642770703,
79.877101514991));
#1601=CARTESIAN_POINT('Ctrl Pts',(-39.4214768159015,0.433332897610403,79.877101536387));
#1602=CARTESIAN_POINT('Ctrl Pts',(-39.4214768372975,0.766666230943736,79.877101557783));
#1603=CARTESIAN_POINT('Ctrl Pts',(-39.4214768586935,1.09999956427707,79.877101579179));
#1604=CARTESIAN_POINT('Origin',(-107.920057542433,1.59999624834677,63.0381410661923));
#1605=CARTESIAN_POINT('Ctrl Pts',(-107.920057510338,1.09999624834678,63.0381410340983));
#1606=CARTESIAN_POINT('Ctrl Pts',(-107.920057478244,0.599996248346778,63.0381410020043));
#1607=CARTESIAN_POINT('Ctrl Pts',(-107.92005744615,0.0999962483467806,63.0381409699103));
#1608=CARTESIAN_POINT('Ctrl Pts',(-107.92005739266,-0.73333708498655,63.0381409164202));
#1609=CARTESIAN_POINT('Ctrl Pts',(-107.920057371264,-1.06667041831988,63.0381408950242));
#1610=CARTESIAN_POINT('Ctrl Pts',(-107.920057349868,-1.40000375165321,63.0381408736282));
#1611=CARTESIAN_POINT('Origin',(-14.6920737376789,-2.39999998184488,97.5354366627827));
#1612=CARTESIAN_POINT('',(-14.6920739944311,1.60000001815511,97.5354369195349));
#1613=CARTESIAN_POINT('Origin',(-39.4214766340421,-2.40000043572292,79.877101354518));
#1614=CARTESIAN_POINT('Origin',(-107.920057542432,1.59999658112116,57.8537744208818));
#1615=CARTESIAN_POINT('Ctrl Pts',(-95.4212095483836,1.59999731596872,58.9042678154344));
#1616=CARTESIAN_POINT('Ctrl Pts',(-95.4212092916314,-2.40000268403126,58.9042675586822));
#1617=CARTESIAN_POINT('Ctrl Pts',(-100.112818828679,1.59999704629666,58.4139400026824));
#1618=CARTESIAN_POINT('Ctrl Pts',(-100.112818571926,-2.40000295370333,58.4139397459302));
#1619=CARTESIAN_POINT('Ctrl Pts',(-105.70345367092,1.59999670983954,58.0650458125375));
#1620=CARTESIAN_POINT('Ctrl Pts',(-105.703453414168,-2.40000329016044,58.0650455557853));
#1621=CARTESIAN_POINT('Ctrl Pts',(-112.920057542432,1.59999626018091,57.8537744208815));
#1622=CARTESIAN_POINT('Ctrl Pts',(-112.92005728568,-2.40000373981907,57.8537741641293));
#1623=CARTESIAN_POINT('',(-95.4212095483836,1.59999731596872,58.9042678154343));
#1624=CARTESIAN_POINT('',(-112.920057542432,1.59999626018091,57.8537744208815));
#1625=CARTESIAN_POINT('Ctrl Pts',(-60.3892737182847,1.59999904009352,67.0756775218388));
#1626=CARTESIAN_POINT('Ctrl Pts',(-60.3892734615325,-2.40000095990646,67.0756772650866));
#1627=CARTESIAN_POINT('Ctrl Pts',(-60.7230711714807,1.59999902515641,66.9745885629909));
#1628=CARTESIAN_POINT('Ctrl Pts',(-60.7230709147285,-2.40000097484357,66.9745883062387));
#1629=CARTESIAN_POINT('Ctrl Pts',(-61.0552446333136,1.5999990102522,66.874611188189));
#1630=CARTESIAN_POINT('Ctrl Pts',(-61.0552443765614,-2.40000098974778,66.8746109314368));
#1631=CARTESIAN_POINT('Ctrl Pts',(-61.3858469430883,1.59999899538215,66.7756727636355));
#1632=CARTESIAN_POINT('Ctrl Pts',(-61.3858466863361,-2.40000100461784,66.7756725068833));
#1633=CARTESIAN_POINT('Ctrl Pts',(-64.8343065679604,1.59999884027501,65.7436619387454));
#1634=CARTESIAN_POINT('Ctrl Pts',(-64.8343063112082,-2.40000115972497,65.7436616819932));
#1635=CARTESIAN_POINT('Ctrl Pts',(-68.0723441336471,1.59999869071726,64.835618037314));
#1636=CARTESIAN_POINT('Ctrl Pts',(-68.0723438768949,-2.40000130928272,64.8356177805618));
#1637=CARTESIAN_POINT('Ctrl Pts',(-71.3334705937863,1.59999854008029,63.9212987250599));
#1638=CARTESIAN_POINT('Ctrl Pts',(-71.3334703370341,-2.4000014599197,63.9212984683077));
#1639=CARTESIAN_POINT('Ctrl Pts',(-74.7217324634676,1.59999838357071,62.9713345638136));
#1640=CARTESIAN_POINT('Ctrl Pts',(-74.7217322067154,-2.40000161642927,62.9713343070614));
#1641=CARTESIAN_POINT('Ctrl Pts',(-78.1115025289782,1.59999822674223,62.0248304396297));
#1642=CARTESIAN_POINT('Ctrl Pts',(-78.111502272226,-2.40000177325775,62.0248301828775));
#1643=CARTESIAN_POINT('Ctrl Pts',(-81.5377033450316,1.59999805795368,61.2282242282198));
#1644=CARTESIAN_POINT('Ctrl Pts',(-81.5377030882794,-2.4000019420463,61.2282239714676));
#1645=CARTESIAN_POINT('Ctrl Pts',(-85.0941655491027,1.59999788274793,60.4013316919933));
#1646=CARTESIAN_POINT('Ctrl Pts',(-85.0941652923505,-2.40000211725206,60.4013314352411));
#1647=CARTESIAN_POINT('Ctrl Pts',(-88.6889477174019,1.59999769608713,59.7145798838415));
#1648=CARTESIAN_POINT('Ctrl Pts',(-88.6889474606497,-2.40000230391286,59.7145796270893));
#1649=CARTESIAN_POINT('Ctrl Pts',(-93.0407198996085,1.59999745136596,59.1753735554421));
#1650=CARTESIAN_POINT('Ctrl Pts',(-93.0407196428563,-2.40000254863402,59.1753732986899));
#1651=CARTESIAN_POINT('Ctrl Pts',(-93.8094489930244,1.59999740813661,59.0801241778));
#1652=CARTESIAN_POINT('Ctrl Pts',(-93.8094487362722,-2.40000259186337,59.0801239210478));
#1653=CARTESIAN_POINT('Ctrl Pts',(-94.6016778593605,1.59999736307512,58.9899184219858));
#1654=CARTESIAN_POINT('Ctrl Pts',(-94.6016776026083,-2.40000263692487,58.9899181652336));
#1655=CARTESIAN_POINT('Ctrl Pts',(-95.4212095483836,1.59999731596872,58.9042678154344));
#1656=CARTESIAN_POINT('Ctrl Pts',(-95.4212092916314,-2.40000268403126,58.9042675586822));
#1657=CARTESIAN_POINT('Ctrl Pts',(-14.7029307467424,1.59999986152603,99.9647395979688));
#1658=CARTESIAN_POINT('Ctrl Pts',(-14.7029304899902,-2.40000013847395,99.9647393412166));
#1659=CARTESIAN_POINT('Ctrl Pts',(-14.6820201952717,1.59999988930296,99.5529071756394));
#1660=CARTESIAN_POINT('Ctrl Pts',(-14.6820199385195,-2.40000011069702,99.5529069188872));
#1661=CARTESIAN_POINT('Ctrl Pts',(-14.6701316833165,1.5999999165391,99.1404777883743));
#1662=CARTESIAN_POINT('Ctrl Pts',(-14.6701314265643,-2.40000008346089,99.1404775316221));
#1663=CARTESIAN_POINT('Ctrl Pts',(-14.6665524527038,1.59999996876314,98.3304469576634));
#1664=CARTESIAN_POINT('Ctrl Pts',(-14.6665521959516,-2.40000003123684,98.3304467009112));
#1665=CARTESIAN_POINT('Ctrl Pts',(-14.6741559290994,1.59999999380525,97.932706801058));
#1666=CARTESIAN_POINT('Ctrl Pts',(-14.6741556723472,-2.40000000619473,97.9327065443058));
#1667=CARTESIAN_POINT('Ctrl Pts',(-14.6920740345348,1.60000001815516,97.5354360303752));
#1668=CARTESIAN_POINT('Ctrl Pts',(-14.6920737777826,-2.39999998184482,97.535435773623));
#1669=CARTESIAN_POINT('Ctrl Pts',(-14.695346893464,1.60000002260283,97.462871930682));
#1670=CARTESIAN_POINT('Ctrl Pts',(-14.6953466367118,-2.39999997739715,97.4628716739298));
#1671=CARTESIAN_POINT('Ctrl Pts',(-14.6989638703464,1.6000000270274,97.3903236242687));
#1672=CARTESIAN_POINT('Ctrl Pts',(-14.6989636135942,-2.39999997297258,97.3903233675165));
#1673=CARTESIAN_POINT('Ctrl Pts',(-14.7029307759551,1.6000000314283,97.3177941555698));
#1674=CARTESIAN_POINT('Ctrl Pts',(-14.7029305192029,-2.39999996857169,97.3177938988176));
#1675=CARTESIAN_POINT('',(-14.7029307467424,1.59999986152603,99.9647395979688));
#1676=CARTESIAN_POINT('Ctrl Pts',(-28.6495004779287,1.59999699402742,130.691572479224));
#1677=CARTESIAN_POINT('Ctrl Pts',(-28.6495002211765,-2.40000300597257,130.691572222472));
#1678=CARTESIAN_POINT('Ctrl Pts',(-25.8938955469536,1.59999755021808,124.782158634558));
#1679=CARTESIAN_POINT('Ctrl Pts',(-25.8938952902014,-2.40000244978191,124.782158377806));
#1680=CARTESIAN_POINT('Ctrl Pts',(-23.1382906159784,1.59999810640874,118.872744789893));
#1681=CARTESIAN_POINT('Ctrl Pts',(-23.1382903592262,-2.40000189359124,118.87274453314));
#1682=CARTESIAN_POINT('Ctrl Pts',(-19.0902310136149,1.59999892346815,110.19165295799));
#1683=CARTESIAN_POINT('Ctrl Pts',(-19.0902307568627,-2.40000107653183,110.191652701238));
#1684=CARTESIAN_POINT('Ctrl Pts',(-17.7977763422266,1.5999991843369,107.419974970753));
#1685=CARTESIAN_POINT('Ctrl Pts',(-17.7977760854744,-2.40000081566308,107.419974714001));
#1686=CARTESIAN_POINT('Ctrl Pts',(-15.9334913119569,1.59999956062376,103.422002821538));
#1687=CARTESIAN_POINT('Ctrl Pts',(-15.9334910552047,-2.40000043937622,103.422002564786));
#1688=CARTESIAN_POINT('Ctrl Pts',(-15.4046823457219,1.59999966735844,102.28796833382));
#1689=CARTESIAN_POINT('Ctrl Pts',(-15.4046820889697,-2.40000033264154,102.287968077067));
#1690=CARTESIAN_POINT('Ctrl Pts',(-14.950984737291,1.59999977738741,101.027500023781));
#1691=CARTESIAN_POINT('Ctrl Pts',(-14.9509844805388,-2.40000022261257,101.027499767029));
#1692=CARTESIAN_POINT('Ctrl Pts',(-14.8410391768753,1.59999980619351,100.688668927945));
#1693=CARTESIAN_POINT('Ctrl Pts',(-14.8410389201231,-2.40000019380648,100.688668671193));
#1694=CARTESIAN_POINT('Ctrl Pts',(-14.7204638644615,1.59999984774007,100.161980979034));
#1695=CARTESIAN_POINT('Ctrl Pts',(-14.7204636077093,-2.40000015225991,100.161980722282));
#1696=CARTESIAN_POINT('Ctrl Pts',(-14.706223867156,1.59999985715155,100.029597464527));
#1697=CARTESIAN_POINT('Ctrl Pts',(-14.7062236104038,-2.40000014284843,100.029597207775));
#1698=CARTESIAN_POINT('Ctrl Pts',(-14.7029307467424,1.59999986152603,99.9647395979688));
#1699=CARTESIAN_POINT('Ctrl Pts',(-14.7029304899902,-2.40000013847395,99.9647393412166));
#1700=CARTESIAN_POINT('',(-28.6495004779287,1.59999699402742,130.691572479224));
#1701=CARTESIAN_POINT('Origin',(-30.0203786450071,1.59999671732968,133.631430195699));
#1702=CARTESIAN_POINT('',(-30.0203786450071,1.59999671732968,133.631430195699));
#1703=CARTESIAN_POINT('Origin',(-35.5372682388309,1.5999963632113,133.631430193578));
#1704=CARTESIAN_POINT('',(-35.5372682388309,1.5999963632113,133.631430193578));
#1705=CARTESIAN_POINT('Origin',(-112.920057542436,1.59999139616092,133.631430193574));
#1706=CARTESIAN_POINT('',(-112.920057542436,1.59999139616092,133.631430193574));
#1707=CARTESIAN_POINT('Origin',(-112.920057542432,1.59999626018091,57.8537744208815));
#1708=UNCERTAINTY_MEASURE_WITH_UNIT(LENGTH_MEASURE(0.01),#1712,
'DISTANCE_ACCURACY_VALUE',
'Maximum model space distance between geometric entities at asserted c
onnectivities');
#1709=UNCERTAINTY_MEASURE_WITH_UNIT(LENGTH_MEASURE(0.01),#1712,
'DISTANCE_ACCURACY_VALUE',
'Maximum model space distance between geometric entities at asserted c
onnectivities');
#1710=(
GEOMETRIC_REPRESENTATION_CONTEXT(3)
GLOBAL_UNCERTAINTY_ASSIGNED_CONTEXT((#1708))
GLOBAL_UNIT_ASSIGNED_CONTEXT((#1712,#1714,#1715))
REPRESENTATION_CONTEXT('','3D')
);
#1711=(
GEOMETRIC_REPRESENTATION_CONTEXT(3)
GLOBAL_UNCERTAINTY_ASSIGNED_CONTEXT((#1709))
GLOBAL_UNIT_ASSIGNED_CONTEXT((#1712,#1714,#1715))
REPRESENTATION_CONTEXT('','3D')
);
#1712=(
LENGTH_UNIT()
NAMED_UNIT(*)
SI_UNIT(.MILLI.,.METRE.)
);
#1713=(
LENGTH_UNIT()
NAMED_UNIT(*)
SI_UNIT($,.METRE.)
);
#1714=(
NAMED_UNIT(*)
PLANE_ANGLE_UNIT()
SI_UNIT($,.RADIAN.)
);
#1715=(
NAMED_UNIT(*)
SI_UNIT($,.STERADIAN.)
SOLID_ANGLE_UNIT()
);
#1716=SHAPE_DEFINITION_REPRESENTATION(#1717,#1718);
#1717=PRODUCT_DEFINITION_SHAPE('',$,#1720);
#1718=SHAPE_REPRESENTATION('',(#924),#1710);
#1719=PRODUCT_DEFINITION_CONTEXT('part definition',#1724,'design');
#1720=PRODUCT_DEFINITION('FusionComponent','FusionComponent',#1721,#1719);
#1721=PRODUCT_DEFINITION_FORMATION('',$,#1726);
#1722=PRODUCT_RELATED_PRODUCT_CATEGORY('FusionComponent',
'FusionComponent',(#1726));
#1723=APPLICATION_PROTOCOL_DEFINITION('international standard',
'automotive_design',2009,#1724);
#1724=APPLICATION_CONTEXT(
'Core Data for Automotive Mechanical Design Process');
#1725=PRODUCT_CONTEXT('part definition',#1724,'mechanical');
#1726=PRODUCT('FusionComponent','FusionComponent',$,(#1725));
#1727=PRESENTATION_STYLE_ASSIGNMENT((#1729));
#1728=PRESENTATION_STYLE_ASSIGNMENT((#1730));
#1729=SURFACE_STYLE_USAGE(.BOTH.,#1731);
#1730=SURFACE_STYLE_USAGE(.BOTH.,#1732);
#1731=SURFACE_SIDE_STYLE('',(#1733));
#1732=SURFACE_SIDE_STYLE('',(#1734));
#1733=SURFACE_STYLE_FILL_AREA(#1735);
#1734=SURFACE_STYLE_FILL_AREA(#1736);
#1735=FILL_AREA_STYLE('Steel - Satin',(#1737));
#1736=FILL_AREA_STYLE('ABS (White)',(#1738));
#1737=FILL_AREA_STYLE_COLOUR('Steel - Satin',#1739);
#1738=FILL_AREA_STYLE_COLOUR('ABS (White)',#1740);
#1739=COLOUR_RGB('Steel - Satin',0.627450980392157,0.627450980392157,0.627450980392157);
#1740=COLOUR_RGB('ABS (White)',0.964705882352941,0.964705882352941,0.952941176470588);
ENDSEC;
END-ISO-10303-21;
